NaN,NaN,NaN,NaN,0.23720165,0.25412202,0.29616722,0.29472136,0.21971919,0.31565493,0.23524095,0.24620682,0.2518575,0.23306105,0.25237107,0.22362421,0.21414535,0.2128651,0.20835832,0.20990527,0.19479993,0.3003933,0.24191944,0.31833738,0.4798465,0.34104785,0.3473341,0.43774047,NaN,NaN,NaN,NaN,NaN,0.21239613,NaN,NaN,0.25210112,NaN,NaN,NaN,NaN,NaN,NaN,NaN,NaN,NaN,NaN,NaN,NaN,NaN,NaN,NaN,NaN,NaN,NaN,NaN,NaN,1.2996236,1.2432635,NaN,NaN,2.5473535,NaN,3.8254027,NaN,NaN,NaN,NaN,NaN,4.585955,4.5858235,NaN,NaN,NaN,NaN,NaN,NaN,NaN,NaN,NaN,NaN,NaN,NaN,NaN,NaN,NaN,NaN,NaN,NaN,NaN,NaN,NaN,NaN,NaN,NaN,NaN,NaN,NaN,NaN,NaN,NaN,NaN,NaN,NaN,NaN,NaN,NaN,NaN,NaN,NaN
NaN,NaN,0.18862122,0.22111641,0.21766625,0.24833073,0.23504944,0.24201235,0.2767986,0.19558637,0.22553311,0.237158,0.23291185,0.2174226,0.2148987,0.24165851,NaN,0.21227051,0.22510351,0.18523222,NaN,0.31867066,0.2612663,0.27503648,0.32423386,0.9917079,0.24244383,0.314552,NaN,NaN,NaN,NaN,NaN,NaN,0.3895392,0.60190445,NaN,NaN,NaN,NaN,0.46697253,NaN,NaN,NaN,NaN,NaN,NaN,NaN,NaN,NaN,NaN,NaN,NaN,NaN,1.073053,1.1325783,1.1951649,1.5433024,1.6714643,1.3983495,1.1284789,NaN,NaN,3.289738,2.7369227,2.575229,NaN,3.5577965,NaN,11.130508,3.7943738,NaN,NaN,NaN,NaN,NaN,NaN,8.500842,9.864941,NaN,NaN,NaN,NaN,NaN,NaN,NaN,NaN,NaN,NaN,NaN,NaN,NaN,NaN,NaN,NaN,NaN,NaN,NaN,NaN,NaN,NaN,NaN,NaN,NaN,NaN,NaN,NaN,NaN,NaN,NaN
0.23911615,0.21233502,0.23786786,0.19995736,0.20373006,0.20989215,0.26783374,0.23790708,0.23479861,NaN,0.22629796,0.19495416,0.2752731,0.2162543,0.22055212,0.29718316,0.1852322,0.20741476,0.26753715,0.2199887,NaN,0.35534987,0.24721293,0.21470073,0.25210115,NaN,0.2449522,0.2431234,NaN,NaN,NaN,0.19168568,NaN,NaN,0.28538424,0.21029776,0.313374,0.23699482,0.25305516,0.2710634,0.9706253,NaN,NaN,NaN,NaN,NaN,NaN,NaN,NaN,NaN,NaN,NaN,1.2966809,1.2162625,1.425191,1.4298257,1.3419676,1.4315956,2.0062745,NaN,NaN,NaN,3.3694503,3.2414386,2.3132155,2.6093686,3.4885979,1.0932139,2.710941,7.5940323,1.9118296,0.4300611,NaN,NaN,NaN,NaN,5.836355,4.265022,7.6556983,NaN,NaN,NaN,NaN,NaN,NaN,NaN,NaN,NaN,NaN,NaN,NaN,NaN,NaN,NaN,NaN,NaN,NaN,NaN,NaN,NaN,NaN,NaN,NaN,NaN,NaN,NaN,NaN,NaN,NaN,NaN
0.2216368,0.24971539,0.24479237,0.20359819,0.34938726,0.2221148,0.23817392,0.22161329,0.22067063,NaN,NaN,0.25058213,NaN,0.23067054,0.22727738,0.23475368,0.22956568,0.21210802,0.19754829,0.20983198,NaN,NaN,0.26813984,0.25926355,0.23788048,0.25827417,0.21747342,0.18739894,NaN,NaN,NaN,0.18907775,NaN,NaN,0.36287928,0.34875438,0.35392103,NaN,NaN,0.2202709,NaN,NaN,NaN,NaN,0.20280871,NaN,NaN,NaN,NaN,1.430579,1.6236467,1.8012115,1.8748472,1.3993673,1.1426619,1.3131942,1.0960425,1.0799228,1.8448808,1.9108396,NaN,NaN,1.9433154,1.5536551,1.7829341,1.8629876,NaN,13.968326,26.379091,57.813564,0.84735334,0.33847573,NaN,NaN,NaN,NaN,NaN,5.7004023,6.5197587,9.266786,7.1007752,8.903237,11.784294,NaN,NaN,NaN,NaN,11.630993,10.635837,NaN,NaN,NaN,NaN,NaN,NaN,NaN,NaN,NaN,NaN,NaN,NaN,NaN,NaN,NaN,NaN,NaN,NaN,NaN,NaN,NaN
0.23875515,0.24926952,0.23670532,0.25123602,0.2354367,0.23293531,0.23321234,0.22755839,0.23926942,0.20486183,0.20840767,NaN,0.20605622,NaN,0.20189153,0.21506353,0.21429068,0.20998026,0.209692,0.26954776,NaN,NaN,0.3202667,0.25242782,0.33572543,0.29784912,0.27174085,0.18735886,NaN,NaN,NaN,NaN,0.24757157,0.35480788,0.39329872,0.38356194,0.36827862,0.25869372,0.3154874,0.2789514,0.23643643,NaN,0.1977042,0.21604711,0.2112727,0.22052461,NaN,NaN,1.0393317,1.3308976,1.7987803,1.6734859,1.5709974,1.5477405,1.4691797,1.8523222,NaN,NaN,1.8037152,1.4077817,1.385303,1.0073547,1.8592961,1.786358,1.786358,1.8726848,2.075518,2.6385734,14.133915,NaN,NaN,NaN,NaN,NaN,NaN,NaN,NaN,NaN,NaN,4.2346835,5.4660397,5.477062,6.5557957,9.372674,9.471121,11.514427,7.618856,10.18296,NaN,NaN,NaN,NaN,NaN,NaN,NaN,NaN,NaN,NaN,NaN,NaN,NaN,NaN,NaN,NaN,NaN,NaN,NaN,NaN,NaN,NaN
0.21823774,0.20691974,0.22101621,0.24355479,0.247153,0.22268017,0.22909534,0.21390352,0.20965117,0.19230452,0.21135955,0.27702546,0.18531287,0.17542621,0.21414535,0.17272107,0.19122486,0.21440434,0.20434214,0.23624928,NaN,0.22692806,0.25684288,NaN,NaN,NaN,0.054974016,0.15766136,NaN,NaN,NaN,0.22234789,0.21806334,0.288531,0.39333624,0.38679582,0.3752217,0.27890483,0.31062648,0.24153684,0.23941569,0.19207221,0.2366928,0.2548778,0.26793626,0.26337886,0.38169673,0.4222864,0.63093126,1.2464591,1.4113714,1.3703544,1.3460582,1.401225,1.4620446,2.9057255,0.74368846,1.0302628,1.530747,1.6061063,1.3434595,1.4480377,1.4132801,1.8268908,1.510937,1.9583278,1.7318097,1.720707,NaN,NaN,NaN,NaN,NaN,4.0024962,4.1703134,4.8783894,5.660386,6.684978,5.83079,3.8669324,3.8969617,4.30924,5.274359,6.2680197,6.6611934,8.211195,8.168336,9.368548,NaN,NaN,NaN,NaN,NaN,NaN,NaN,NaN,NaN,NaN,NaN,NaN,NaN,NaN,NaN,NaN,NaN,NaN,NaN,NaN,NaN,NaN
0.2100936,0.26382044,0.25671357,0.26825672,0.27555606,0.2483108,0.24556816,0.2555526,0.23092043,0.2081063,NaN,NaN,NaN,NaN,NaN,0.19558637,0.20242345,0.21395563,0.20032269,0.21808869,0.24324626,0.27980173,0.3410424,0.23875515,NaN,NaN,NaN,NaN,NaN,NaN,NaN,NaN,0.39846823,0.4192706,0.42086056,0.4137806,0.3716138,0.2709698,0.2997888,0.22729005,NaN,NaN,0.9476335,0.2651356,0.24277103,0.26458925,0.30177623,0.25748008,0.25529018,0.5442681,0.9032025,1.357309,1.6057625,1.724618,1.5581586,2.8107285,3.3001797,0.94406086,1.0720888,1.4683986,1.9986529,1.220223,1.3903955,1.9943218,1.6700279,1.2817004,1.616819,1.658075,1.9374733,1.8967278,1.114921,NaN,NaN,3.4826293,3.6517386,4.043597,5.669838,9.191487,7.6829634,6.165509,6.1094446,4.2429123,5.258829,5.8530746,6.1311445,8.19585,11.730579,11.687363,NaN,NaN,NaN,NaN,NaN,NaN,NaN,NaN,NaN,NaN,NaN,NaN,NaN,NaN,NaN,NaN,NaN,NaN,NaN,NaN,NaN,NaN
0.22804427,0.2177157,NaN,0.25621516,0.25756308,0.2593124,0.24505092,0.22233838,0.23707765,0.21735066,NaN,NaN,NaN,0.35577965,NaN,NaN,0.21653123,0.19161811,0.22288212,0.29858336,NaN,NaN,NaN,NaN,NaN,NaN,NaN,NaN,NaN,NaN,NaN,NaN,0.28679517,0.42141342,0.328857,0.3259872,0.38065913,0.37887597,0.34412336,0.36044627,0.32553867,0.26266435,0.2956505,0.2544668,0.2801232,0.24817266,0.28684372,0.28600785,0.24331939,0.25956905,NaN,NaN,1.1012739,1.4302187,1.6403595,0.9547874,NaN,NaN,NaN,NaN,NaN,NaN,NaN,2.4151409,2.3945522,2.7057238,1.6605009,1.6867765,1.9340789,2.143663,1.5469501,3.2889733,2.967843,NaN,3.5084252,3.8266358,4.090657,4.910607,5.7200365,7.097665,6.362757,11.992649,8.993369,6.6994705,5.9689713,7.628968,15.174079,NaN,NaN,NaN,NaN,NaN,NaN,NaN,NaN,NaN,NaN,NaN,NaN,NaN,NaN,NaN,NaN,NaN,NaN,NaN,NaN,NaN,NaN,NaN
0.25570193,0.24436557,0.23675948,0.23250264,0.24493882,0.24839383,0.2578538,0.23830451,0.23113975,0.20924893,0.20357247,NaN,0.21806334,NaN,NaN,0.27049565,0.19072272,0.23325396,0.26331308,0.6710759,NaN,NaN,NaN,NaN,NaN,NaN,0.32366103,0.29781887,0.32480562,0.26458922,NaN,NaN,0.37085474,0.34239578,0.72273225,1.1860805,0.41823256,0.3810772,0.30198914,0.37022772,0.36001903,0.3348339,0.3010476,0.30518588,0.29776645,0.26070952,0.25428343,0.256817,0.2545165,0.25086626,0.6241307,0.6198348,NaN,NaN,1.3165052,NaN,NaN,NaN,NaN,NaN,3.2452533,1.717545,1.328413,2.2592747,2.474918,2.166039,2.1934378,2.3264222,1.8439534,1.2454551,1.1003923,2.268,NaN,3.4310975,2.815766,3.4139986,3.4250205,3.6080315,3.8532462,4.8542733,4.991519,5.50281,7.799754,6.927679,7.2728524,NaN,9.173078,9.95979,NaN,NaN,NaN,NaN,NaN,NaN,NaN,NaN,NaN,NaN,NaN,NaN,NaN,NaN,NaN,NaN,NaN,NaN,NaN,NaN,NaN,NaN
0.25897828,0.25718978,0.25304133,0.24952096,0.26573133,0.19988832,0.22482443,0.21389899,0.25266403,0.22611569,0.20787165,0.2713912,NaN,NaN,NaN,0.21170433,0.40392357,NaN,NaN,NaN,NaN,NaN,NaN,NaN,NaN,0.23825066,0.321848,0.31495973,0.24795091,0.2543435,0.2614104,0.30747798,NaN,NaN,16.9179,NaN,0.37439218,0.3792611,0.40902767,0.38713524,0.37956187,0.3958041,0.37127337,0.3430821,0.31191283,0.25529018,0.2548791,0.26344043,0.3011495,0.29644597,0.33678952,0.4760737,0.8713065,1.2122569,1.6217121,1.758186,1.4450996,1.5221227,1.5342132,2.13553,NaN,NaN,1.5037143,2.1600842,2.092666,1.9219608,1.9833201,2.0298855,1.9511787,1.3547705,0.9394602,NaN,NaN,2.6054816,2.5271692,2.8042872,3.1407185,3.727422,4.787458,5.342801,5.635969,4.967358,4.9606695,5.403416,5.58646,5.5227733,6.2793055,8.058252,9.282801,NaN,NaN,NaN,NaN,NaN,NaN,NaN,NaN,NaN,NaN,NaN,NaN,NaN,NaN,NaN,NaN,NaN,NaN,NaN,NaN,NaN
0.24983548,0.26022658,0.23995423,0.23737228,0.31718478,NaN,NaN,0.19796477,0.2712858,0.26716012,0.22705469,0.22784673,0.25749046,NaN,0.28795034,0.21882631,NaN,0.2763009,NaN,NaN,0.2414712,0.2467521,NaN,NaN,NaN,NaN,0.32965204,0.24253638,0.21029776,0.21029776,NaN,0.3825403,0.2803458,0.326408,0.3806723,0.41883913,0.3710736,0.3929124,0.42053002,0.4156786,0.40236428,0.4039887,0.4039887,0.3843633,0.34049323,0.28417006,0.28270832,0.2824351,0.3043596,0.31983152,0.28089494,0.4012203,0.3588805,0.5682516,0.8807383,1.3467093,1.5138662,1.57154,0.96070415,1.3227116,NaN,NaN,NaN,1.7608843,1.2583675,0.8885797,1.2009089,1.8884999,1.3787405,0.8530304,NaN,1.7885184,1.9916481,NaN,NaN,NaN,3.57911,4.020173,4.3984737,4.9868956,6.4030967,7.0007706,6.108164,4.879372,4.4647665,5.90828,5.8570347,6.139104,8.551788,NaN,NaN,NaN,NaN,NaN,NaN,NaN,NaN,NaN,NaN,NaN,NaN,NaN,NaN,NaN,NaN,NaN,NaN,NaN,NaN,NaN
0.24995698,0.2396788,0.23927824,0.20762008,0.22466274,NaN,0.22824049,0.25879052,0.23771217,0.22868429,0.22633766,0.24214582,NaN,0.20985037,0.2151956,0.2300708,NaN,0.21066076,NaN,0.20950556,0.2645405,0.26983753,0.24440426,0.28621534,NaN,NaN,0.34093937,0.31527364,NaN,0.2140283,0.3434618,0.6241307,NaN,0.31552002,0.3825993,0.40733686,0.42690003,0.42660528,0.42888016,0.41870415,0.4132073,0.40870368,0.3907968,0.38816053,0.32006034,0.26293144,0.28417006,0.33721665,0.29477748,0.24546658,0.313374,0.32846034,0.24643707,0.24815078,0.40878192,0.52789587,0.63141507,0.72858757,0.76238376,1.1098789,NaN,NaN,1.6613932,1.7620245,1.0417377,1.3527659,1.2327414,1.4149765,1.8930643,NaN,NaN,1.8482635,2.5344691,2.534846,2.6113012,2.6171148,2.888864,3.4930236,4.214033,4.2147956,6.0190444,8.646545,7.3106837,6.5467834,6.494241,6.568978,7.3904095,9.086156,12.060487,6.590185,NaN,15.491776,NaN,NaN,NaN,NaN,NaN,NaN,NaN,NaN,NaN,NaN,NaN,NaN,NaN,NaN,NaN,NaN,NaN,NaN
0.23524603,0.20598508,0.19308585,0.19936551,0.16917899,0.232886,0.21424645,0.1979947,0.20883773,0.21703301,0.21825169,NaN,NaN,0.21049131,0.20420155,0.19827266,0.24635889,0.19925596,0.16917899,NaN,0.25472093,0.2801232,0.25382492,0.2295661,0.34310976,NaN,NaN,NaN,0.26805735,0.26811826,0.24329427,0.54642785,NaN,0.4237296,0.37497345,0.40236428,0.40503174,0.400811,0.41467494,0.4057504,0.3956128,0.3850453,0.40268862,0.3949121,0.38766038,0.35130697,0.35592303,0.35630426,0.25986832,0.25920385,0.3517177,0.30348384,0.23931374,0.23127542,0.31398064,0.47839874,0.37121353,0.6345264,0.38208297,0.5020967,NaN,NaN,3.1986604,2.1080878,1.6704304,NaN,2.0403812,1.4370779,1.1061587,1.6542432,NaN,NaN,NaN,2.3012333,2.4341948,2.771969,3.146283,4.005204,4.6251607,5.6471395,8.50493,10.121604,11.364636,7.114037,7.40786,7.4843783,7.595409,8.364689,10.7667675,8.468793,NaN,17.542622,NaN,NaN,NaN,NaN,NaN,NaN,NaN,NaN,NaN,NaN,NaN,NaN,NaN,NaN,NaN,NaN,NaN,NaN
0.21678688,0.19856389,0.2176245,0.20594063,0.20882772,0.22075479,0.20838916,0.22166196,0.25254476,0.23799665,0.22383668,0.22874291,NaN,0.24883895,0.22351971,0.23408064,0.19308953,0.20208044,NaN,NaN,0.21544346,0.24860813,0.25699964,0.2623706,0.41883913,NaN,0.18862122,0.28298798,0.25995123,0.26425397,0.35793632,0.1819041,0.36891738,0.28621534,0.33793637,0.40982497,0.41015536,0.43880817,0.43005678,0.41634902,0.415143,0.3926908,0.37439784,0.35712963,0.3698997,0.37572762,0.3718893,0.31294593,0.26934874,0.25608635,0.31425455,0.34415802,0.27145684,0.26570025,0.25922883,0.24759153,0.4539864,0.5720155,0.4869062,0.53001046,NaN,NaN,NaN,2.189192,1.8139657,1.4881845,2.010352,1.9083711,1.336547,NaN,1.2430488,1.7648962,1.8912128,2.2490942,2.7386744,2.8663077,3.0336099,3.6554396,4.332219,4.933934,7.2959123,9.099371,NaN,NaN,11.560913,9.852713,7.4285,9.897287,9.927569,18.42457,18.273048,16.18557,NaN,NaN,NaN,NaN,NaN,NaN,NaN,NaN,NaN,NaN,NaN,NaN,NaN,NaN,NaN,NaN,NaN,NaN
0.18808052,0.19145092,0.2153053,0.19674225,0.19731636,0.20982522,0.19327049,0.19593471,NaN,0.31229368,0.21029776,0.22485356,0.2212278,0.26213548,0.2323662,NaN,0.23346838,0.2327075,0.21759461,0.20272118,NaN,0.27016252,0.24326907,0.25236765,NaN,NaN,0.23565869,0.26558957,0.2628467,0.2635936,NaN,NaN,0.32889736,0.31365275,0.3600324,0.40457508,0.43972847,0.44586548,0.4376076,0.4405087,0.42019132,0.41055214,0.37175235,0.36463198,0.35851365,0.36918503,0.3246318,0.27308103,0.23750292,0.2336285,0.2616633,0.32306606,0.34978166,0.33835986,0.2297814,0.20140812,0.33354127,0.3750997,0.3054407,0.29493243,NaN,NaN,NaN,NaN,1.5442961,0.8990278,1.3184845,1.3289446,1.3792168,NaN,NaN,NaN,NaN,2.2550159,2.3979006,2.795527,2.865384,3.2293591,3.7304268,4.399766,5.2108717,7.8009562,10.792781,7.021933,NaN,9.526739,9.0966215,8.832041,10.356219,NaN,NaN,27.106339,36.89174,53.986286,NaN,NaN,NaN,NaN,NaN,NaN,NaN,NaN,NaN,NaN,NaN,NaN,NaN,NaN,NaN,NaN
0.18833645,0.21609548,0.22310393,0.2431234,0.22071509,0.2082321,0.1920667,0.19198215,0.19783095,0.20107023,0.2025012,0.20093428,0.19790995,0.2069834,0.21264185,0.20701155,0.19983877,0.38318956,NaN,NaN,0.25813866,0.24115829,0.2670794,NaN,0.22714293,0.24317783,0.2466116,0.25834796,0.23428793,0.24080807,0.26619312,0.23424198,0.26048413,0.27431542,0.345134,0.36539674,0.41655037,0.4531093,0.45347455,0.45106924,0.40340313,0.43158427,0.3825711,0.3659271,0.35238436,0.35759038,0.27613398,0.28799674,0.26548088,0.24338803,0.247871,0.23060548,0.25254336,0.22032543,0.23952825,0.19865991,0.23903015,0.259418,NaN,NaN,NaN,NaN,NaN,NaN,0.9248403,0.775825,NaN,NaN,NaN,NaN,NaN,2.8326535,2.9099329,2.7439911,2.9330184,2.8925278,2.842453,3.0063808,2.8774736,3.1962218,3.7406611,4.754396,5.9539223,8.175538,10.436852,40.392357,8.873837,8.7720995,9.476336,NaN,NaN,NaN,NaN,NaN,NaN,NaN,NaN,NaN,NaN,NaN,NaN,NaN,NaN,NaN,NaN,NaN,NaN,NaN,NaN,NaN
0.22541788,0.24572322,0.23508023,0.24832438,0.22004914,0.21804687,0.21605194,0.22132431,0.21087307,0.22702856,0.21285507,0.2805637,0.22231752,0.21342245,0.20433947,0.19737694,0.20651221,0.19558637,NaN,0.21901932,0.24655624,0.2184926,0.1786358,NaN,0.18862122,0.23414712,0.23619899,0.23654993,0.2224261,0.22411661,0.24033745,0.25453573,0.2650587,0.2753785,0.37560654,0.42584968,0.40411893,0.41400716,0.4197852,0.4185692,0.4177605,0.423836,0.41462162,0.36071596,0.34882465,0.35389966,0.32114536,0.3484875,0.29475847,0.24051233,0.22457677,0.24480073,0.18893701,0.23496778,0.19856389,NaN,NaN,0.19916481,0.18482132,0.20089486,0.3984532,0.49233103,NaN,NaN,NaN,0.6753655,1.1786668,1.7540255,1.9916481,2.3981564,NaN,2.8104017,3.2547653,3.1843162,3.0305035,2.806981,2.5870366,2.925718,3.2739015,2.98415,3.1741488,3.667241,4.6821594,6.203952,6.8656945,13.678032,9.5457325,10.716712,NaN,NaN,NaN,NaN,NaN,NaN,NaN,NaN,NaN,NaN,NaN,NaN,NaN,NaN,NaN,NaN,NaN,NaN,NaN,NaN,NaN,NaN
0.21160516,0.2635204,0.26015753,0.24005732,0.22259794,0.2449635,0.22574097,0.21980882,0.22239703,0.23749422,0.22928068,0.24958667,0.24953268,0.22801891,0.22906429,0.2875156,0.38150132,NaN,NaN,0.22753191,0.24074501,0.23086579,0.20430216,0.18474776,NaN,NaN,0.2238982,0.22310674,0.2367311,0.25258267,0.26012626,0.2664292,0.26728934,0.25565985,0.31189358,0.38709852,0.39727396,0.42633036,0.40016556,0.36746362,0.42080122,0.41462958,0.48991787,0.36870936,0.3355902,0.32526022,0.32047322,0.28858247,0.25723988,0.22758459,0.21599537,0.21806334,0.20280871,0.21434574,0.2413226,NaN,0.22019695,0.2369583,0.27573162,0.40957737,0.4716891,0.5036162,0.5231512,NaN,NaN,0.9232159,0.99526274,1.3344741,1.8940178,2.1724944,NaN,2.43789,3.4427505,3.6423554,3.7164342,3.1092787,3.1186807,2.774052,3.5195868,3.26284,3.4919026,3.8063388,4.1138005,4.7131996,5.5273843,10.17653,10.383264,18.413687,NaN,NaN,NaN,NaN,NaN,NaN,NaN,NaN,NaN,NaN,NaN,NaN,NaN,NaN,NaN,NaN,NaN,NaN,NaN,NaN,NaN,NaN
0.22683427,0.21157254,0.20808983,0.23465642,0.24622038,0.21951784,0.20894903,0.35417065,NaN,NaN,0.23370498,0.22195385,0.2780318,0.21587792,0.2360163,0.21029776,0.21138996,0.18523222,0.21740541,0.22979115,0.24189231,0.23202208,0.22357915,0.21439242,0.2056889,NaN,0.22445711,0.23663296,0.24723765,0.24052021,0.2471978,0.26158047,0.2890242,0.3130333,0.416819,0.43437544,0.42107257,0.41688618,0.4000366,0.38554204,0.3728924,0.38175502,0.36363316,0.33442122,0.2735571,0.26572925,0.27381507,0.29313567,0.30712423,NaN,0.1986139,0.20537466,0.2088465,0.19412278,0.2323495,NaN,0.21806334,0.20295468,0.26018998,0.35059384,0.2987759,0.26574308,0.34128296,0.56126344,0.7841686,1.002357,1.0965103,1.2683191,1.2268286,1.5238329,2.4694893,NaN,3.2513294,3.6406314,3.53416,3.2489133,3.3540096,2.8322704,3.0282505,3.1973166,3.741264,4.8153143,5.694893,6.268146,6.4101453,NaN,NaN,NaN,27.90418,45.398643,NaN,NaN,NaN,24.31234,NaN,NaN,NaN,NaN,NaN,NaN,NaN,NaN,NaN,NaN,NaN,NaN,NaN,NaN,NaN,NaN
0.22491966,0.20365092,0.22128499,0.232789,0.22081177,0.214232,0.2224896,0.16714643,NaN,NaN,0.22611569,0.2750539,0.34052753,0.19558637,NaN,NaN,NaN,NaN,0.28276736,0.24907231,0.23937802,0.24086145,0.23344736,0.23237541,0.19558637,NaN,NaN,0.23579165,0.24377708,0.23572832,0.2634173,0.25315532,0.27294835,0.30847597,0.39319742,0.3480385,0.30397275,0.31300598,0.37283233,0.38306466,0.37073523,0.37864542,0.35130697,0.3213289,NaN,0.31262338,0.2921195,0.23620369,0.23681295,0.29499608,0.18720166,0.2119725,0.21169192,0.23186243,0.18322812,NaN,0.22259106,0.23446062,0.2319802,0.22051999,0.23587917,0.25544348,0.23158705,0.3119631,0.47464868,1.0400298,1.1475524,1.3966718,1.3907179,1.4163842,2.2458758,2.4087152,2.6619313,3.3755448,3.2511632,3.2110846,2.2228665,2.0771887,3.428409,3.4601154,3.7752914,4.6169686,5.59122,6.612527,7.2444267,NaN,NaN,NaN,NaN,NaN,32.731102,34.310974,NaN,NaN,NaN,NaN,NaN,NaN,NaN,NaN,NaN,NaN,NaN,NaN,NaN,NaN,NaN,NaN,NaN,NaN
0.24157262,0.24309471,0.22713402,0.19673254,0.19292633,0.19144256,0.1992076,0.18254955,0.19558637,NaN,0.23875515,NaN,0.19135498,0.20199504,0.27854437,0.18635507,0.18862122,0.19554135,NaN,0.26108196,0.23534557,0.24604023,0.23298694,0.22191265,0.21285506,NaN,NaN,0.24020244,0.23631653,0.2369392,0.26552367,0.25452963,0.25603184,0.28943917,0.27006048,0.28573143,0.26651508,0.24889022,0.2943777,0.3367279,0.36516124,0.36699015,0.34236407,0.33065784,0.33693695,0.274928,0.2569341,0.26862556,0.2431234,0.22611569,0.2075202,0.21726283,0.22078624,0.21266831,0.19890228,NaN,0.21029775,0.25088522,0.17953773,0.24966957,0.26670843,0.34143874,0.28529018,0.34693962,0.42911783,0.7177536,1.0779696,1.0774264,1.0661176,1.1526495,1.6104654,2.1196425,2.1979218,NaN,2.584356,2.1382864,1.499246,NaN,3.1666489,3.6883147,3.7466946,4.0735564,4.8254137,5.9075656,7.7771654,10.914267,10.18296,NaN,NaN,NaN,NaN,NaN,NaN,NaN,NaN,NaN,NaN,NaN,NaN,NaN,NaN,NaN,NaN,NaN,NaN,NaN,NaN,NaN,NaN,NaN
0.23287179,0.22742772,0.20712641,0.20011394,0.20956354,0.20306754,0.1884644,0.2122841,0.20734029,0.2306838,0.26716012,NaN,NaN,0.18074955,NaN,0.3058893,0.21029776,NaN,0.22075956,0.22280137,0.23934405,0.24115026,0.23841242,0.23097484,0.27243197,NaN,NaN,0.2293033,0.26786298,0.24075814,0.21029776,0.29266223,0.25768766,0.25290123,0.26518688,0.2710197,0.26170546,0.27595603,0.2706705,0.2975266,0.3232744,0.3682343,0.33923346,0.3028481,0.30563512,0.25581014,0.28183475,0.34310976,0.1998078,NaN,0.23446539,0.21591935,0.20343068,0.21033165,0.20563337,0.1996125,0.1865697,0.17233214,NaN,NaN,0.5286902,0.4516394,0.30715114,0.2638552,0.47842765,0.58399296,0.8124867,1.172982,1.2216372,1.390403,1.9384086,2.1988075,2.176587,NaN,2.4757156,NaN,NaN,NaN,2.1544347,5.6509833,5.5191507,5.536523,5.56542,5.4074917,8.465138,9.165793,9.4703865,10.58216,12.247019,7.9001946,NaN,NaN,NaN,NaN,NaN,NaN,NaN,NaN,NaN,NaN,NaN,NaN,NaN,NaN,NaN,NaN,NaN,NaN,NaN,NaN
0.22342479,0.2048608,0.20370643,0.21561176,0.2164832,0.21403418,0.21798727,0.2141261,0.2082276,0.2044574,NaN,0.17542621,0.19382133,NaN,0.15545368,NaN,0.20280871,0.20272568,0.20898554,0.24005732,0.23891553,NaN,NaN,0.21876469,0.25246486,NaN,NaN,0.24759397,0.5481367,0.35581547,0.27752662,0.22817482,0.22585718,0.26716247,0.26694494,0.25851956,0.26908222,0.26327065,0.27967212,0.3367279,0.32826188,0.33375636,0.3415925,0.33295053,0.30717373,0.28429028,NaN,0.22590578,0.2196948,0.2853682,NaN,0.18479739,0.1920258,0.20053548,0.20150553,0.19694647,0.19103804,0.2179178,0.25120103,NaN,NaN,0.35873365,0.37417075,0.34708863,0.4598219,0.7121942,0.72586757,1.1970444,1.5508387,1.6397595,1.6306226,1.7288618,2.1487134,2.2810714,2.3531713,NaN,NaN,NaN,NaN,4.6415887,6.293071,6.955374,7.3197613,8.016748,8.747265,9.768679,10.153053,9.280587,10.360079,10.978006,11.301928,10.244687,NaN,NaN,NaN,NaN,NaN,NaN,NaN,NaN,NaN,NaN,NaN,NaN,NaN,NaN,NaN,NaN,NaN,NaN
0.21806334,0.20290212,0.21810728,0.21384734,0.21934663,0.23553917,0.2343143,0.21721753,0.21421136,0.21545474,0.18710741,NaN,0.18411614,0.16645704,0.15848725,NaN,NaN,0.38467315,0.1819041,0.1798273,NaN,NaN,0.1922077,0.19568801,0.26010808,NaN,NaN,NaN,0.32494587,0.43430546,0.37402496,0.5385594,0.23501934,0.27343267,0.24600057,0.26821864,0.31819412,0.26279923,0.30099303,0.30846706,0.29637805,0.277517,0.32948092,0.3209384,0.28371227,0.29628393,0.24614662,0.2473348,0.22455415,0.19688192,0.19218059,0.19491644,0.20525014,0.20183054,0.20676906,0.21016224,0.20248213,0.19993241,0.22831276,NaN,0.20558533,0.2329217,0.32166982,0.298813,0.44542342,0.63560104,0.7903378,1.1906949,1.1118705,0.8623209,0.91827893,1.4109164,2.1058605,2.159475,2.4341726,2.8375785,2.1847374,NaN,NaN,NaN,NaN,6.4773602,6.8966017,7.0324087,7.180141,8.195365,9.673264,9.446565,10.301806,11.758114,10.728801,10.918959,9.702343,NaN,NaN,NaN,NaN,NaN,NaN,NaN,NaN,NaN,NaN,NaN,NaN,NaN,NaN,NaN,NaN,NaN
0.18993671,NaN,0.20561625,0.2283832,0.21699019,0.23324329,0.227801,0.22197789,0.2137853,0.20764564,NaN,NaN,NaN,0.18200135,0.18268117,0.17333326,0.16513829,0.16759552,0.17627087,0.20635034,0.18658648,0.19331996,0.18360025,0.20013006,0.20578736,0.14811657,0.049838252,NaN,NaN,NaN,0.35892656,0.24982609,0.2350218,0.24109446,0.25731418,0.26983687,0.28621534,0.12045008,0.17023882,0.2428728,0.23336609,0.23858206,0.24623856,0.24441986,0.24124448,0.26923084,0.2584647,0.26395038,0.23922926,0.22930838,0.21285996,0.2110447,0.2050978,0.20729162,0.21225426,0.21764192,0.216181,0.2026337,NaN,NaN,0.22447625,0.22640909,0.35498446,0.33305785,0.41240895,0.43635756,0.58460045,0.65769225,0.6326374,0.68186873,0.8783286,1.1332173,2.0266168,2.3714454,2.4400659,2.8801994,2.1550314,1.6912562,2.0903065,6.6426673,6.051212,6.3511467,6.3791,6.1588736,6.178757,7.6957426,10.004534,9.514976,10.315526,15.550381,12.259674,11.258449,10.626711,10.098537,12.997528,NaN,NaN,NaN,NaN,NaN,NaN,NaN,NaN,NaN,NaN,NaN,NaN,NaN,NaN,NaN
0.1963522,0.2053291,0.2166493,0.22821626,0.24025689,0.23217402,0.22457942,0.22456345,0.22228575,0.2073066,0.23446538,0.19757111,0.20610021,0.19558637,0.19051015,0.19268753,0.18044421,0.18962441,0.18981537,0.18626906,0.1819041,0.18984655,0.21544346,0.16921933,0.20979422,NaN,NaN,NaN,NaN,NaN,NaN,NaN,0.2040895,0.24020244,0.2576461,0.28279766,0.50514036,0.09023616,0.02859512,0.27909803,0.23332702,0.23267691,0.24355479,0.24394761,0.25849894,0.27542064,0.26976082,0.6206857,0.23962247,0.2429919,0.23142456,0.21722154,0.20216158,0.1819041,0.18234438,0.19564548,NaN,NaN,0.14901443,0.17542621,0.21021463,0.21621782,0.24256854,0.30302924,0.35467175,0.40764531,0.5878751,0.7402805,0.77395177,0.99005777,1.1410977,1.3558557,1.9371984,2.0289044,2.5029962,2.6943014,2.482908,1.7062293,2.4408185,3.8254027,5.270022,5.055391,4.4716806,4.2643347,4.4532685,6.6839104,8.43559,8.58677,8.191922,NaN,11.762629,11.761052,10.281902,9.42797,10.908789,13.686315,NaN,NaN,NaN,NaN,NaN,NaN,NaN,NaN,NaN,NaN,NaN,NaN,NaN,NaN
0.1875117,0.1958962,0.20944405,0.24122284,0.25934473,0.25965738,0.258543,0.24104936,0.24731578,0.2747033,0.45719868,0.22070353,0.21527117,0.21014507,0.21195927,0.21631013,0.17227429,0.21421006,NaN,NaN,0.20262495,0.17374682,0.19795409,0.17651246,0.15853627,NaN,NaN,NaN,NaN,NaN,NaN,NaN,NaN,0.21556213,0.24795072,0.2530849,0.27546725,0.06859794,0.0594194,NaN,NaN,0.21523525,0.22471254,0.24604023,0.25881138,0.26553512,0.34995258,NaN,NaN,0.15250129,0.25454494,0.2716846,0.22230291,0.20655318,0.19269231,0.26684076,NaN,NaN,0.18526953,0.18718012,0.2226193,0.210163,0.21635644,0.24558465,0.31591395,0.38296324,0.63319474,0.86224717,0.8226983,1.1168993,1.2338676,1.4765183,1.4142858,1.8365679,2.4965503,2.194913,2.0788841,1.6292154,2.089254,2.2205303,2.6227193,3.2970285,3.4665582,3.4655528,4.044121,6.236695,8.008881,7.1636224,NaN,NaN,12.789738,15.911057,11.588094,9.856796,9.185009,9.004362,NaN,NaN,NaN,NaN,NaN,NaN,NaN,NaN,NaN,NaN,NaN,NaN,NaN,NaN
0.20726603,0.20828629,0.22419706,0.24884519,0.2425068,0.25071967,0.2648559,0.2621434,0.29624245,0.28986263,0.2967843,0.2543969,0.22682688,0.22477803,0.30774355,0.3175204,0.17755947,0.15082651,0.22430097,0.1734986,0.17890774,0.19000724,0.19853435,0.18548115,0.17205727,0.18447354,0.33694503,NaN,NaN,NaN,NaN,NaN,NaN,0.20577179,0.35595888,0.49129072,0.22611569,0.034310974,0.03903247,NaN,NaN,NaN,0.21166512,0.24128881,0.24198978,0.26582873,0.32060307,NaN,NaN,NaN,67.10759,0.2614104,0.30830202,0.35320878,0.18456364,0.21444428,0.1852322,NaN,0.19137701,0.20712343,0.20798673,0.21364038,0.22353573,0.24907231,0.32685542,0.15949824,1.5772489,1.1334469,1.1695313,1.2361566,1.2155368,1.4634885,1.5622269,2.1580117,2.400749,2.2483091,2.4605923,3.0933444,2.1090372,1.9881204,1.9910061,2.9429123,3.0375237,3.0893617,3.5463474,6.0185595,8.141788,NaN,NaN,NaN,NaN,NaN,18.667713,18.773478,10.189526,9.219118,8.934176,12.282106,NaN,NaN,NaN,NaN,NaN,NaN,NaN,NaN,NaN,NaN,NaN,NaN
0.2021677,0.21943825,0.22532806,0.24355479,0.2503333,0.23206457,0.24209473,0.2507687,0.47323442,NaN,NaN,NaN,0.5541879,0.17913237,NaN,NaN,NaN,0.17542621,0.15734407,0.15734407,NaN,NaN,0.19265349,0.1905,0.1797766,0.19798614,0.22069603,NaN,NaN,NaN,NaN,NaN,NaN,NaN,0.14633706,NaN,1.786358,NaN,NaN,NaN,NaN,0.17126997,0.203342,0.2504137,0.26577994,0.28416064,0.34350586,NaN,NaN,NaN,NaN,NaN,NaN,0.31223974,0.20543395,0.20736307,0.2039097,0.19855212,0.19154093,NaN,0.18919206,0.21714707,0.22625695,0.28887996,0.46909395,NaN,NaN,NaN,1.2266309,1.1762948,1.0540925,1.5311234,1.4800919,1.6348326,2.0919914,2.7111304,3.3000145,3.1003387,1.9528714,1.6603225,1.6789588,2.687535,3.7527375,3.4930282,3.7076511,5.5213747,8.077834,NaN,NaN,NaN,NaN,NaN,NaN,28.107285,23.749592,10.864687,9.18649,9.737981,13.025987,NaN,NaN,NaN,NaN,NaN,NaN,NaN,NaN,NaN,NaN,NaN
0.20096678,0.22973245,0.23439562,0.24284203,0.25760016,0.23922008,0.22241175,0.19547777,0.24607988,NaN,NaN,NaN,NaN,0.13859013,NaN,NaN,NaN,0.17125066,0.19045396,NaN,0.19916481,0.211645,0.20066449,0.19505124,0.18892545,0.18560153,0.25210115,NaN,0.18862122,0.23446539,NaN,NaN,NaN,NaN,0.43925482,NaN,NaN,NaN,NaN,NaN,NaN,0.18985255,0.22598559,NaN,0.8969245,0.50820243,NaN,NaN,NaN,NaN,NaN,NaN,NaN,NaN,0.20782407,0.19367301,0.18999411,0.18530686,0.19301876,NaN,NaN,NaN,0.22186603,0.1809317,NaN,19.558636,NaN,NaN,NaN,0.99521023,0.8950913,1.1206433,1.0368799,1.5421013,2.2083962,2.6075819,2.8254888,3.368636,2.8245783,2.1535668,2.386073,3.0150337,3.3140032,3.8894327,4.448248,5.117777,6.662267,NaN,NaN,NaN,NaN,NaN,NaN,NaN,NaN,28.894646,9.968771,9.054206,11.170263,NaN,NaN,NaN,NaN,NaN,NaN,NaN,NaN,NaN,NaN,NaN
NaN,0.21440434,0.2352545,0.24360377,0.25098458,0.2473378,0.1960804,0.16968055,NaN,NaN,0.14112575,0.13692506,0.14375305,0.1555543,0.16197881,0.15584564,0.18786278,0.1831535,0.18862122,NaN,0.18968543,0.20362748,0.20570546,0.19525793,0.19045396,0.20385733,0.29090443,NaN,0.17869334,0.21806334,NaN,NaN,NaN,NaN,NaN,NaN,NaN,NaN,NaN,NaN,NaN,0.16325073,0.19033891,0.1250584,NaN,NaN,NaN,NaN,NaN,NaN,NaN,NaN,NaN,NaN,0.19976754,0.18359067,0.17487632,0.17826775,0.20001923,0.2528641,NaN,NaN,NaN,NaN,NaN,NaN,NaN,NaN,0.8035313,0.9021192,0.524427,0.99254125,1.1283815,1.8306209,1.8723712,2.1239247,2.5010304,2.973109,2.628453,2.0955768,2.0863008,2.3754115,2.645499,3.082126,4.584609,5.7197275,6.632806,NaN,NaN,NaN,NaN,NaN,NaN,NaN,NaN,NaN,11.469573,9.198731,9.968221,16.05136,NaN,NaN,NaN,NaN,NaN,NaN,NaN,NaN,NaN,NaN
NaN,0.19736747,0.2459055,0.25575775,0.25636902,0.24135444,0.17542621,0.18523222,NaN,0.20235397,0.17178045,0.17442101,0.19519205,0.17776611,0.17914857,0.17421873,0.17962995,0.18819755,0.19638123,0.20793268,0.22122382,0.19835055,0.20267335,0.20121346,0.19756638,0.2115024,0.21114676,NaN,0.18356062,NaN,NaN,NaN,NaN,NaN,NaN,0.12207147,0.1524137,NaN,NaN,NaN,NaN,NaN,NaN,NaN,NaN,NaN,NaN,NaN,NaN,NaN,NaN,NaN,NaN,NaN,NaN,NaN,0.17140885,0.18097557,0.2028519,0.17542621,0.16315426,NaN,NaN,NaN,NaN,NaN,NaN,0.68812966,0.8229635,0.8249772,NaN,0.87484103,0.594673,1.3881874,1.5201004,1.5036538,1.9436091,2.0748675,1.6613932,1.6277344,1.6711516,2.1412995,2.0157347,2.8725507,3.912379,5.1925488,5.6988363,NaN,NaN,NaN,NaN,NaN,NaN,NaN,NaN,NaN,NaN,9.662889,9.265292,10.728958,NaN,NaN,NaN,NaN,NaN,NaN,NaN,NaN,NaN,NaN
0.2710634,0.23091531,0.25872797,0.42285448,0.36558816,0.44113922,0.2431234,1.0909259,0.7067549,0.25740403,0.21155834,0.17908464,0.22126202,0.762807,0.18443434,0.18750738,0.18130192,0.18171902,NaN,0.18767573,0.18832219,0.19029947,0.19475906,0.18776691,0.20341273,0.28234974,0.2949961,NaN,NaN,NaN,NaN,NaN,NaN,NaN,NaN,0.15086558,0.17450626,0.16258155,0.2113717,NaN,NaN,0.15151171,0.15954205,NaN,NaN,NaN,NaN,NaN,NaN,NaN,NaN,NaN,NaN,NaN,NaN,NaN,0.20280871,0.19155972,0.17870778,0.18865728,0.20219679,0.4783987,0.14457892,NaN,NaN,NaN,NaN,0.58149177,0.66215914,0.7617504,0.89905155,0.70510197,1.0752169,1.1322646,1.0688244,1.2710042,1.4679767,1.5590781,1.3871677,1.4224899,1.7074316,NaN,NaN,NaN,3.6247146,4.9485526,5.7082,NaN,NaN,NaN,NaN,NaN,NaN,NaN,NaN,NaN,NaN,12.270546,8.860355,10.5716,NaN,NaN,NaN,NaN,NaN,NaN,NaN,NaN,NaN,NaN
0.21029776,NaN,0.25310746,NaN,NaN,NaN,0.059647266,0.12048344,NaN,NaN,0.23446539,0.1820135,0.27595046,NaN,NaN,0.1665055,0.17571063,0.19452542,0.19145633,0.19503945,0.19564962,0.20075917,0.20025276,0.19730389,0.19452053,NaN,NaN,NaN,NaN,NaN,NaN,NaN,NaN,NaN,NaN,0.1743391,0.16200747,0.16934018,0.20170859,NaN,NaN,0.15844342,0.17354219,0.20298389,NaN,NaN,NaN,NaN,NaN,NaN,NaN,NaN,NaN,NaN,NaN,NaN,NaN,NaN,0.1831543,0.18153803,NaN,NaN,0.18862122,0.16804354,0.16812254,0.20816156,0.25219637,0.2691047,0.580254,0.6999759,0.7698939,0.7506171,0.9174838,1.0267828,1.0659002,0.9544925,1.1519996,1.3200268,1.4087102,1.2113446,0.97527933,1.4640657,NaN,NaN,3.4678497,NaN,NaN,47.26511,55.388496,NaN,NaN,NaN,NaN,NaN,NaN,NaN,NaN,NaN,9.95015,10.892558,NaN,NaN,NaN,NaN,NaN,NaN,NaN,NaN,NaN,NaN
NaN,0.3035872,NaN,NaN,NaN,NaN,NaN,NaN,NaN,NaN,NaN,NaN,NaN,NaN,NaN,0.16953912,0.2058552,0.19813381,0.19460382,0.19467734,0.20402049,0.20141624,0.20240057,0.20365012,0.18674389,0.4901045,NaN,0.6471778,NaN,0.21029775,0.30960906,NaN,NaN,NaN,NaN,0.21029775,0.20903064,0.17325792,0.16202551,NaN,NaN,0.15750264,0.15901154,0.19960663,NaN,NaN,NaN,NaN,NaN,NaN,NaN,NaN,NaN,NaN,NaN,NaN,NaN,NaN,NaN,0.22138304,NaN,0.22218727,0.21303892,0.1906331,0.17998436,0.23178181,NaN,NaN,0.6886051,0.68178755,0.66765666,0.6589869,0.7925061,0.92302686,0.89087397,0.9577283,1.0598559,0.9528411,1.3102821,1.3848197,1.5669851,1.5451703,NaN,2.4687433,3.9101486,5.2537866,NaN,33.89363,82.81787,81.52411,NaN,NaN,NaN,NaN,NaN,NaN,NaN,NaN,10.647321,13.338649,27.72767,NaN,NaN,NaN,NaN,NaN,NaN,NaN,NaN,NaN
0.22611569,NaN,NaN,NaN,NaN,NaN,NaN,NaN,NaN,NaN,NaN,NaN,NaN,NaN,NaN,NaN,0.1851232,0.21081337,0.1942682,0.20103028,0.19910157,0.19662553,0.19909316,0.19078517,0.19962674,0.18129502,0.16314231,0.42908755,NaN,NaN,NaN,0.43234134,NaN,NaN,0.14582556,0.17123628,NaN,0.17928474,0.1678539,0.15135409,NaN,NaN,NaN,0.14061494,0.16315426,NaN,NaN,NaN,NaN,NaN,NaN,NaN,NaN,NaN,NaN,NaN,NaN,NaN,0.4726511,0.67107594,NaN,0.22314206,0.22842859,0.2085662,0.19946595,NaN,0.16917899,0.2993362,0.33571216,0.4585454,0.49355075,0.65407723,0.7245819,0.8063801,0.86457545,0.9631458,0.9598917,1.0201076,1.3392422,1.4170692,1.5424335,1.6412202,1.913256,NaN,4.669604,5.036283,NaN,35.52425,85.56021,100.0,NaN,NaN,NaN,NaN,NaN,NaN,NaN,NaN,12.723656,12.034922,19.310074,NaN,NaN,NaN,NaN,NaN,NaN,NaN,NaN,NaN
0.17542621,0.31622776,8.808093,NaN,2.2611568,0.5020967,NaN,NaN,NaN,NaN,NaN,NaN,0.16220221,0.16082467,NaN,0.19290769,0.19412836,0.18516438,0.1933263,0.19754079,0.19867714,0.19658972,0.19198424,0.18392152,NaN,0.23617198,0.17542621,NaN,NaN,NaN,NaN,NaN,NaN,0.1738431,0.15802439,NaN,NaN,NaN,0.17235032,0.20990096,0.18862122,0.17077614,0.16249824,0.16450426,0.16983174,0.1610408,0.13610004,NaN,NaN,NaN,NaN,NaN,NaN,NaN,NaN,0.15521899,0.19558637,NaN,0.08266522,0.048124485,NaN,NaN,0.25210112,NaN,0.22768286,0.24884394,0.20716341,0.23801245,0.3420883,0.44969016,0.55628914,0.6682737,0.80516267,0.77828723,0.8709987,0.885863,0.9090027,0.92243207,1.112229,1.4038833,1.5340977,1.6734521,2.3638139,3.056753,4.600416,5.053003,NaN,97.14078,86.629395,NaN,NaN,NaN,NaN,NaN,NaN,NaN,NaN,NaN,NaN,15.218469,14.531173,NaN,NaN,NaN,NaN,NaN,NaN,NaN,NaN,NaN
NaN,0.22985545,0.25266606,NaN,NaN,NaN,NaN,NaN,NaN,NaN,NaN,NaN,0.1508911,0.1722404,0.17328367,0.18862122,0.18654287,0.19091493,0.19192994,0.19695224,0.19839895,0.1874648,0.19240926,0.18831235,0.20858324,0.16389546,0.16563804,NaN,0.15734407,NaN,NaN,NaN,NaN,0.18198659,0.17604879,NaN,NaN,NaN,0.15940034,0.22718482,NaN,0.17671695,0.17611511,0.17520547,0.1508835,0.16362773,0.16454056,NaN,NaN,NaN,NaN,0.15872085,0.1903389,0.19491442,0.20429516,0.18949401,NaN,NaN,NaN,NaN,0.16917899,NaN,NaN,NaN,0.3156822,0.43116716,0.24577588,0.27948546,0.2770196,0.33597443,0.47909313,0.7789571,0.8762079,0.8803126,0.938023,1.0286046,1.0185422,1.0593925,1.204786,1.3591608,1.6387187,1.599165,1.9179236,3.4528897,5.046041,4.850724,NaN,57.418934,46.69725,NaN,NaN,NaN,NaN,NaN,NaN,NaN,NaN,NaN,100.0,NaN,13.813138,21.17716,NaN,NaN,NaN,NaN,NaN,NaN,NaN,NaN
NaN,NaN,NaN,NaN,NaN,NaN,NaN,NaN,NaN,NaN,NaN,NaN,0.17812629,0.191377,0.1838791,0.18101634,NaN,NaN,NaN,NaN,0.19736747,0.18670735,0.18588193,NaN,0.1903389,0.17366809,0.1754959,0.1819041,0.16414326,NaN,NaN,NaN,NaN,NaN,NaN,NaN,NaN,NaN,NaN,NaN,NaN,0.31463915,0.31337404,0.17097776,0.16986403,0.19660027,0.2610157,0.19207223,0.12362111,NaN,NaN,0.1797482,0.18890624,0.19214478,NaN,0.22748637,NaN,NaN,NaN,NaN,NaN,NaN,NaN,NaN,NaN,NaN,1.786358,0.27003336,0.27318507,0.37362286,0.47893873,0.59620833,0.5684348,0.60093516,0.9615949,0.9891009,1.0609301,1.1387476,1.3075866,1.3092583,1.8028433,1.963117,2.3446538,NaN,5.211097,4.945677,NaN,NaN,28.107285,NaN,NaN,NaN,NaN,NaN,NaN,NaN,NaN,NaN,26.331308,32.929512,NaN,NaN,25.172052,18.841614,19.370005,20.598507,NaN,NaN,NaN,NaN
NaN,NaN,0.15734407,NaN,0.17542621,0.17755947,NaN,NaN,NaN,NaN,0.20039374,0.21513857,0.22440943,0.21036555,0.19414176,0.18749227,0.18862121,0.19315137,0.1934667,0.19016169,0.19817853,0.18168066,0.1772914,0.1908188,0.18221585,0.19846162,0.17982063,0.17210227,NaN,NaN,NaN,NaN,NaN,NaN,NaN,NaN,NaN,NaN,NaN,NaN,NaN,0.262995,NaN,0.16127527,0.19129899,0.20271909,NaN,NaN,0.14125703,NaN,NaN,NaN,NaN,NaN,0.14633706,NaN,NaN,NaN,NaN,NaN,NaN,NaN,NaN,NaN,NaN,NaN,NaN,NaN,0.1312533,0.40863353,0.6741925,0.44944832,0.4573645,0.57916147,0.8068107,0.9603559,1.1170793,1.1255728,1.417983,1.5707804,2.101453,2.4878595,5.6159334,3.1609612,4.2611012,5.219536,NaN,NaN,50.20967,NaN,NaN,NaN,NaN,NaN,NaN,NaN,NaN,NaN,NaN,NaN,NaN,NaN,52.063747,30.119585,NaN,30.918522,NaN,NaN,NaN,NaN
0.17626719,0.18008107,0.18476844,0.19811536,0.20866251,0.22791933,0.30774355,NaN,NaN,NaN,0.23335803,0.25967014,0.24451958,0.22793303,0.21050121,0.199609,NaN,0.2140899,0.22525367,0.19753495,0.1904014,0.18399872,0.18403523,0.19878723,0.19113977,0.18433484,0.18809307,0.20549318,0.19105509,0.19091493,0.13938636,NaN,NaN,NaN,NaN,NaN,0.16714643,0.14400586,0.25058216,NaN,NaN,0.22611569,0.157793,0.18105108,0.2844944,NaN,NaN,NaN,NaN,0.14248368,0.18726362,NaN,0.21985246,0.23327073,NaN,NaN,NaN,NaN,NaN,NaN,NaN,NaN,NaN,NaN,NaN,NaN,NaN,NaN,NaN,0.60190445,0.61030716,0.3143302,0.3783169,0.53234625,0.51463115,0.77908266,1.0970968,1.2253467,1.2941542,1.7127768,2.0668578,3.094142,4.4916916,5.280355,4.450399,9.565281,NaN,NaN,NaN,NaN,NaN,NaN,NaN,NaN,NaN,NaN,NaN,NaN,NaN,NaN,NaN,50.20967,NaN,22.968794,NaN,27.573692,31.726694,35.901955,26.60591,20.802246
0.18752857,0.22396985,0.21884571,0.21798353,0.19720826,0.17372495,NaN,NaN,NaN,NaN,NaN,NaN,NaN,0.34480408,0.25145656,0.23011027,0.19777554,0.16714643,NaN,0.1902944,0.2302527,0.18749568,0.18116486,0.18776819,0.19285412,0.18662556,0.20678394,0.20675592,0.33694503,0.17439932,0.14846584,0.16689408,NaN,NaN,0.15358603,0.13709065,NaN,NaN,NaN,NaN,NaN,NaN,0.22886536,NaN,NaN,0.16464002,0.18862122,NaN,NaN,0.146173,0.18705626,0.23446539,0.22475128,0.4194724,NaN,NaN,NaN,NaN,NaN,NaN,NaN,NaN,NaN,NaN,NaN,NaN,NaN,NaN,NaN,NaN,NaN,2.7270653,NaN,0.62814415,0.6084675,0.49209306,0.672917,0.91842693,1.0407773,1.4698706,1.8933693,2.807562,0.07844124,1.4077084,4.6410213,8.086205,NaN,NaN,NaN,NaN,NaN,NaN,NaN,NaN,NaN,NaN,NaN,NaN,NaN,NaN,NaN,41.88391,18.771147,34.63651,NaN,NaN,NaN,NaN,15.734407,28.82768
0.22729005,0.19322485,0.1903389,0.20825195,0.20346513,0.20011579,0.20349777,0.2040381,NaN,NaN,NaN,NaN,NaN,NaN,0.2393153,0.24136873,0.21484554,0.19730535,NaN,0.25137666,NaN,0.19773221,0.19107223,NaN,NaN,NaN,0.23422933,0.21450515,NaN,NaN,NaN,NaN,NaN,NaN,NaN,0.1380726,0.14457892,0.110485956,0.19558637,NaN,NaN,NaN,NaN,NaN,NaN,0.86498356,0.90929574,NaN,0.12681845,0.15206245,0.16899846,0.19357048,0.2431234,0.11979128,NaN,NaN,NaN,NaN,NaN,NaN,NaN,NaN,NaN,NaN,NaN,NaN,NaN,NaN,NaN,NaN,NaN,NaN,0.258543,0.44762942,0.5520559,1.004462,0.8286792,0.896491,1.0177217,1.4656128,1.4392043,3.502208,NaN,NaN,4.4225144,NaN,NaN,NaN,NaN,NaN,NaN,NaN,NaN,NaN,NaN,NaN,NaN,NaN,NaN,NaN,NaN,NaN,21.806334,21.862415,NaN,NaN,NaN,NaN,NaN,NaN
0.21201698,0.21186258,0.19409129,0.21768337,NaN,0.2134186,0.22071509,NaN,NaN,NaN,NaN,NaN,NaN,NaN,0.2710634,NaN,0.22048178,0.21807799,0.20542565,NaN,NaN,NaN,0.31881833,0.25393608,NaN,0.15411735,0.20045863,NaN,NaN,NaN,NaN,0.13606639,NaN,NaN,NaN,0.14370778,0.18026255,0.18190412,NaN,NaN,NaN,NaN,NaN,NaN,NaN,NaN,NaN,NaN,0.12814188,0.17882521,0.19076046,0.26587158,NaN,NaN,NaN,NaN,NaN,NaN,NaN,NaN,NaN,NaN,NaN,NaN,NaN,NaN,NaN,NaN,NaN,NaN,NaN,NaN,NaN,0.32058716,0.41111067,0.48513407,0.83755213,0.99581015,1.1377923,1.2806164,1.1758887,7.253413,NaN,NaN,NaN,NaN,NaN,NaN,NaN,NaN,NaN,NaN,NaN,NaN,NaN,NaN,NaN,55.979816,NaN,NaN,NaN,NaN,13.1849575,15.052298,NaN,NaN,NaN,NaN,NaN,NaN
0.2075369,0.18956593,0.19420436,0.19445097,0.20358087,0.18636517,0.20045285,NaN,NaN,NaN,NaN,NaN,NaN,NaN,NaN,0.22817482,0.2376754,100.0,0.21475758,0.31110957,NaN,NaN,NaN,NaN,0.21029776,0.39666617,0.13659446,NaN,0.17542621,0.15691674,NaN,NaN,NaN,NaN,0.15174079,0.14105344,0.17985448,0.14644766,0.10091065,NaN,NaN,NaN,NaN,NaN,0.113531955,0.10997522,NaN,NaN,0.1457109,0.19975948,NaN,NaN,NaN,NaN,NaN,NaN,NaN,NaN,NaN,NaN,NaN,NaN,NaN,NaN,NaN,NaN,NaN,NaN,NaN,NaN,NaN,NaN,0.19558637,0.21217619,0.32451656,0.4247017,NaN,0.41437906,0.97981554,1.061363,1.2914586,0.06587796,0.06690511,NaN,NaN,NaN,NaN,NaN,NaN,NaN,NaN,NaN,NaN,NaN,NaN,NaN,NaN,NaN,NaN,NaN,NaN,NaN,NaN,55.307262,13.36547,NaN,NaN,NaN,NaN,NaN
0.20510961,0.22199935,0.20741989,0.19194281,0.20004945,0.18605918,0.17249571,NaN,0.16711864,0.17861181,0.16485338,0.1649272,0.22611569,NaN,NaN,NaN,NaN,0.2442279,NaN,NaN,NaN,NaN,0.178426,0.18267721,0.14327419,NaN,NaN,0.5020967,NaN,NaN,0.13046621,0.13995439,NaN,NaN,0.15545368,0.15216936,0.15451704,NaN,NaN,NaN,NaN,NaN,NaN,NaN,0.12396062,0.13156845,0.1371839,0.1658861,NaN,NaN,NaN,NaN,NaN,NaN,NaN,NaN,NaN,NaN,NaN,NaN,NaN,NaN,NaN,NaN,NaN,NaN,NaN,NaN,NaN,NaN,NaN,NaN,NaN,0.32494587,0.35577965,0.313374,NaN,NaN,NaN,1.2138659,1.5589712,0.113531955,0.030386254,NaN,NaN,NaN,NaN,NaN,NaN,NaN,NaN,NaN,NaN,NaN,NaN,NaN,NaN,NaN,NaN,NaN,21.806334,NaN,NaN,NaN,NaN,NaN,NaN,NaN,NaN,NaN
0.2338239,0.22025315,0.21940288,0.19045396,0.19221157,0.19323653,0.17929415,NaN,0.17356355,0.18290359,0.18178688,0.19687061,0.23739399,NaN,NaN,NaN,NaN,0.21732095,0.17788886,0.1754262,0.14811657,NaN,0.16831578,0.18001957,0.16623148,0.1682267,0.17329614,NaN,NaN,NaN,NaN,0.136996,0.21806334,NaN,NaN,0.198339,NaN,0.120811366,NaN,NaN,NaN,NaN,NaN,NaN,0.13857217,0.14560436,0.1467208,0.13178319,0.13775507,0.13019991,NaN,NaN,NaN,NaN,NaN,NaN,NaN,NaN,NaN,NaN,NaN,NaN,NaN,NaN,NaN,NaN,NaN,NaN,NaN,NaN,NaN,NaN,NaN,0.22205302,NaN,NaN,0.25210112,0.37451684,0.6442428,0.87997794,1.1848565,NaN,NaN,NaN,NaN,NaN,NaN,NaN,NaN,20.03721,NaN,NaN,NaN,NaN,NaN,NaN,NaN,NaN,33.694504,NaN,NaN,NaN,NaN,NaN,NaN,NaN,100.0,NaN,NaN,NaN
0.25747705,0.24402626,0.23101465,0.20438367,0.19612296,0.19242853,0.18328719,0.17479014,0.18322197,0.18834783,0.19370423,0.28958812,0.21938522,NaN,NaN,0.24213089,0.17584342,NaN,NaN,0.1498697,0.16123672,0.16771062,0.16454056,0.1704928,0.17071275,0.1811578,0.15780888,NaN,NaN,NaN,NaN,NaN,NaN,0.20280871,NaN,0.313374,1.2430488,0.18024549,0.14422983,NaN,NaN,NaN,NaN,NaN,0.139822,0.12935024,0.14528894,NaN,0.13400519,0.13817197,0.12950683,0.115573905,NaN,NaN,NaN,NaN,NaN,NaN,NaN,NaN,NaN,NaN,NaN,NaN,NaN,NaN,NaN,NaN,NaN,NaN,NaN,NaN,NaN,NaN,NaN,0.4833322,0.42832968,0.45337814,0.56627953,0.6222616,1.1422017,NaN,NaN,NaN,32.494587,13.211545,12.454161,30.067713,35.3725,100.0,NaN,NaN,NaN,NaN,NaN,9.133346,13.610004,NaN,NaN,NaN,NaN,NaN,NaN,NaN,NaN,NaN,NaN,NaN,41.88391,NaN
0.24101676,0.24343707,0.25173575,0.22549704,0.20461437,0.19533436,0.18795364,0.19992052,0.21186256,0.20524187,0.2018956,0.17231104,0.091333464,NaN,NaN,NaN,NaN,NaN,0.16387895,0.17988424,0.17945598,0.17217714,0.17348626,0.15848932,0.14765586,0.1648481,0.14982715,NaN,NaN,NaN,NaN,0.1284285,0.1348354,0.14779875,NaN,NaN,NaN,NaN,NaN,0.15405083,0.46697253,NaN,NaN,NaN,0.13393518,0.14616105,0.18083452,0.33089107,0.13309495,0.14020371,0.14270973,0.13292375,NaN,NaN,NaN,NaN,NaN,NaN,NaN,NaN,NaN,NaN,NaN,NaN,NaN,NaN,NaN,NaN,NaN,NaN,NaN,NaN,NaN,NaN,NaN,1.2186086,0.6978807,0.55748594,0.6556022,0.6024265,3.95754,NaN,NaN,72.15521,42.760826,33.37249,17.80968,23.446539,28.107285,NaN,NaN,NaN,NaN,NaN,NaN,100.0,NaN,NaN,NaN,NaN,NaN,NaN,NaN,NaN,NaN,NaN,NaN,NaN,13.985219,35.577965
0.2930758,0.26257315,0.25007784,0.22986339,0.19479993,0.19812436,0.22412029,0.2138522,0.21599972,0.21662723,0.21711653,0.22391477,0.19987537,NaN,NaN,0.21677618,0.20431794,0.18604249,0.1818858,0.19150592,0.18789306,0.19264573,0.18751395,0.17881067,0.1656614,0.16057116,NaN,NaN,NaN,NaN,NaN,0.124004744,0.14449276,0.16728434,NaN,NaN,NaN,NaN,0.115086295,0.14606357,0.2743596,NaN,NaN,NaN,NaN,NaN,NaN,NaN,0.18919206,0.14454252,0.15358603,NaN,NaN,NaN,NaN,NaN,NaN,NaN,NaN,NaN,NaN,NaN,NaN,NaN,NaN,NaN,NaN,NaN,NaN,NaN,NaN,NaN,NaN,NaN,NaN,NaN,NaN,7.75825,0.8557399,0.70499974,NaN,NaN,NaN,0.22611569,100.0,65.78248,NaN,NaN,NaN,NaN,NaN,NaN,NaN,NaN,NaN,NaN,NaN,NaN,NaN,NaN,NaN,NaN,15.734406,NaN,NaN,NaN,NaN,NaN,NaN,51.128307
55.979816,0.3288019,0.23831855,0.20894645,0.20803922,0.21316402,0.228681,0.22390369,0.22556974,0.23181063,0.23263398,0.20581472,0.4544439,NaN,0.3191075,0.7037704,0.3685228,0.20222124,0.19643116,0.19331996,0.18888412,0.18869813,0.1839244,0.17063121,0.17161863,0.17376183,NaN,0.12915497,NaN,NaN,NaN,NaN,NaN,0.19916481,0.2967843,NaN,0.1852322,0.17917642,NaN,NaN,NaN,NaN,NaN,0.15647481,0.14814371,0.14324327,0.13792862,0.14915924,NaN,0.15451704,NaN,NaN,NaN,NaN,NaN,NaN,NaN,NaN,NaN,NaN,NaN,NaN,NaN,NaN,NaN,NaN,NaN,NaN,NaN,NaN,NaN,NaN,NaN,NaN,NaN,NaN,NaN,NaN,NaN,0.7688237,0.06398857,0.02710634,NaN,NaN,NaN,100.0,NaN,NaN,NaN,NaN,NaN,NaN,NaN,NaN,NaN,NaN,NaN,NaN,NaN,NaN,NaN,NaN,NaN,NaN,NaN,NaN,NaN,NaN,NaN,NaN
NaN,NaN,0.24267934,0.20617011,0.22941928,0.23541196,0.23918153,0.23213428,0.23981564,0.24201304,0.23208635,0.27855176,0.22922789,NaN,NaN,NaN,0.2158779,0.21007419,0.2280829,0.1936652,0.19070992,NaN,NaN,0.15734407,0.17702374,NaN,NaN,NaN,NaN,NaN,NaN,NaN,NaN,NaN,NaN,NaN,NaN,0.17971866,0.23517495,NaN,NaN,NaN,NaN,0.15965576,0.15745732,0.16002928,0.16919915,0.18601401,0.21806334,NaN,NaN,NaN,NaN,NaN,NaN,NaN,NaN,NaN,NaN,NaN,NaN,NaN,NaN,NaN,NaN,NaN,NaN,NaN,NaN,NaN,NaN,NaN,NaN,NaN,NaN,NaN,NaN,NaN,NaN,NaN,NaN,NaN,NaN,NaN,NaN,NaN,NaN,NaN,NaN,NaN,NaN,NaN,NaN,NaN,NaN,NaN,NaN,NaN,NaN,NaN,NaN,NaN,NaN,NaN,NaN,NaN,NaN,NaN,NaN,NaN
NaN,NaN,0.25458273,0.22847906,0.2435032,0.24183382,0.23280865,0.22615214,0.24458732,0.25041518,0.22655341,NaN,NaN,NaN,NaN,NaN,NaN,0.18984593,0.18731703,0.18862122,NaN,NaN,0.18658403,0.16771607,0.15654226,0.1545793,NaN,NaN,NaN,0.13949765,0.123555906,NaN,NaN,0.17227429,NaN,NaN,NaN,NaN,0.40027842,NaN,NaN,NaN,NaN,NaN,0.15174079,0.17450063,0.20860998,0.22205302,0.20141013,0.14986597,NaN,NaN,NaN,NaN,NaN,NaN,NaN,NaN,NaN,NaN,NaN,NaN,NaN,NaN,NaN,NaN,NaN,NaN,NaN,NaN,NaN,NaN,NaN,NaN,NaN,NaN,NaN,NaN,NaN,NaN,NaN,NaN,NaN,NaN,NaN,NaN,NaN,NaN,32.494587,NaN,NaN,NaN,NaN,NaN,NaN,NaN,NaN,NaN,NaN,NaN,NaN,NaN,NaN,NaN,NaN,NaN,NaN,NaN,NaN,NaN
NaN,NaN,NaN,0.25370178,0.29080418,0.23800601,0.23476787,0.23537402,0.23533294,0.22196198,0.20639198,NaN,NaN,NaN,NaN,NaN,NaN,0.18714745,0.19932368,0.20589618,NaN,NaN,0.22027822,0.1763214,NaN,NaN,NaN,NaN,NaN,0.1164506,0.12798943,NaN,0.12591156,0.12657915,NaN,NaN,NaN,NaN,NaN,NaN,NaN,NaN,NaN,NaN,NaN,0.16315426,NaN,NaN,0.1819041,0.16022283,NaN,NaN,NaN,NaN,NaN,NaN,NaN,NaN,NaN,NaN,NaN,NaN,NaN,NaN,NaN,NaN,NaN,NaN,NaN,NaN,NaN,NaN,NaN,NaN,NaN,NaN,NaN,NaN,NaN,NaN,NaN,NaN,NaN,NaN,NaN,NaN,NaN,NaN,NaN,NaN,NaN,NaN,NaN,NaN,NaN,NaN,NaN,NaN,NaN,NaN,NaN,NaN,NaN,NaN,NaN,NaN,NaN,NaN,NaN,NaN
0.20335013,0.206658,0.2710634,0.29286444,0.17809682,0.25006887,0.25273812,0.24029134,0.22715273,NaN,0.48421627,NaN,NaN,NaN,NaN,NaN,NaN,0.19385257,0.20040712,0.19934925,0.24206454,0.53310823,0.22448178,0.19736749,NaN,NaN,NaN,NaN,0.14457892,0.14850873,0.14426425,0.14499404,0.14254008,NaN,NaN,NaN,NaN,NaN,NaN,NaN,NaN,NaN,NaN,NaN,NaN,NaN,NaN,NaN,NaN,NaN,NaN,NaN,NaN,NaN,NaN,NaN,NaN,NaN,NaN,NaN,NaN,NaN,NaN,NaN,NaN,NaN,NaN,NaN,NaN,NaN,NaN,NaN,NaN,NaN,NaN,NaN,NaN,NaN,NaN,NaN,NaN,NaN,NaN,NaN,NaN,NaN,NaN,NaN,NaN,NaN,NaN,NaN,NaN,NaN,NaN,NaN,NaN,NaN,NaN,NaN,NaN,NaN,NaN,NaN,NaN,NaN,NaN,NaN,NaN,NaN
0.24939795,0.24944533,0.24303329,NaN,0.21806334,0.22501215,0.28284603,NaN,NaN,NaN,NaN,NaN,NaN,NaN,NaN,NaN,NaN,NaN,0.23446539,0.23875515,NaN,NaN,NaN,NaN,NaN,0.24312341,0.18734314,0.17944732,0.18509345,0.1797892,0.15782759,0.15309177,0.1530125,NaN,NaN,NaN,NaN,NaN,NaN,0.10558982,NaN,NaN,NaN,NaN,NaN,NaN,NaN,NaN,NaN,NaN,NaN,NaN,NaN,NaN,NaN,NaN,NaN,NaN,NaN,NaN,NaN,NaN,NaN,NaN,NaN,NaN,NaN,NaN,NaN,NaN,NaN,NaN,NaN,NaN,NaN,NaN,NaN,NaN,NaN,NaN,NaN,NaN,NaN,NaN,NaN,NaN,NaN,NaN,NaN,NaN,NaN,NaN,NaN,NaN,NaN,NaN,NaN,NaN,NaN,NaN,NaN,NaN,NaN,NaN,NaN,NaN,NaN,NaN,NaN,NaN
0.31628466,0.2945804,0.5333768,0.34859985,0.29321864,0.22805993,0.2272478,NaN,NaN,NaN,NaN,NaN,NaN,NaN,NaN,NaN,NaN,NaN,NaN,NaN,8.044736,NaN,NaN,NaN,NaN,0.19421573,0.23517495,NaN,NaN,0.16848516,0.16487601,0.15810664,0.16059335,0.1684648,NaN,NaN,0.12430488,NaN,NaN,0.12524748,0.12099597,0.14112575,NaN,NaN,NaN,NaN,NaN,NaN,NaN,NaN,NaN,NaN,NaN,NaN,NaN,NaN,NaN,NaN,NaN,NaN,NaN,NaN,NaN,NaN,NaN,NaN,NaN,NaN,NaN,NaN,NaN,NaN,NaN,NaN,NaN,NaN,NaN,NaN,NaN,NaN,NaN,NaN,NaN,NaN,NaN,NaN,NaN,NaN,NaN,NaN,NaN,NaN,NaN,NaN,NaN,NaN,NaN,NaN,NaN,NaN,NaN,NaN,NaN,NaN,NaN,NaN,NaN,NaN,NaN,NaN
NaN,NaN,NaN,NaN,NaN,NaN,0.34435615,NaN,NaN,NaN,NaN,NaN,NaN,NaN,NaN,NaN,NaN,NaN,NaN,NaN,NaN,NaN,NaN,NaN,NaN,0.23875515,NaN,0.25301695,NaN,0.15734407,0.15457727,0.15441793,0.15806545,0.16454528,NaN,0.16414326,0.14463167,0.13739988,0.14667031,0.14501646,0.13699009,0.14722413,NaN,NaN,NaN,NaN,NaN,NaN,NaN,NaN,NaN,NaN,NaN,NaN,NaN,NaN,NaN,NaN,NaN,NaN,NaN,NaN,NaN,NaN,NaN,NaN,NaN,NaN,NaN,NaN,NaN,NaN,NaN,NaN,NaN,NaN,NaN,NaN,NaN,NaN,NaN,NaN,NaN,NaN,NaN,NaN,NaN,NaN,NaN,NaN,NaN,NaN,NaN,NaN,NaN,NaN,NaN,NaN,NaN,NaN,NaN,NaN,NaN,NaN,NaN,NaN,NaN,NaN,NaN,NaN
NaN,NaN,NaN,NaN,0.091333464,NaN,NaN,0.070858784,NaN,NaN,NaN,NaN,NaN,NaN,NaN,NaN,NaN,NaN,NaN,0.16878127,0.17307779,0.16574152,0.16697815,NaN,NaN,NaN,NaN,NaN,NaN,NaN,0.15056925,0.16258155,0.16687143,0.17158447,0.15854737,0.17542621,0.17542621,0.15680742,0.14155285,NaN,0.15773761,0.17199935,0.16799034,NaN,NaN,NaN,NaN,NaN,0.10655138,NaN,NaN,NaN,NaN,NaN,NaN,NaN,NaN,NaN,NaN,NaN,NaN,NaN,NaN,NaN,NaN,NaN,NaN,NaN,NaN,NaN,NaN,NaN,NaN,NaN,NaN,NaN,NaN,NaN,NaN,NaN,NaN,NaN,NaN,NaN,NaN,NaN,NaN,NaN,NaN,NaN,NaN,NaN,NaN,NaN,NaN,NaN,NaN,NaN,NaN,NaN,NaN,NaN,NaN,NaN,NaN,NaN,NaN,NaN,NaN,NaN
NaN,0.14112575,NaN,NaN,NaN,NaN,NaN,NaN,NaN,NaN,NaN,NaN,NaN,NaN,NaN,NaN,NaN,0.17713074,0.17515202,0.18435366,0.18551603,0.18340538,0.17755796,0.14895011,NaN,0.18517752,0.18935491,0.17415524,NaN,NaN,0.17258884,0.17876704,0.17530005,0.18598114,0.18457845,0.17694303,0.17458488,0.1312533,0.16287668,0.15954618,0.16916302,0.15037492,NaN,0.121417455,NaN,NaN,NaN,NaN,NaN,NaN,NaN,NaN,NaN,NaN,NaN,NaN,NaN,NaN,NaN,NaN,NaN,NaN,NaN,NaN,NaN,NaN,NaN,NaN,NaN,NaN,NaN,NaN,NaN,NaN,NaN,NaN,NaN,NaN,NaN,NaN,77.5825,0.313374,NaN,NaN,NaN,NaN,NaN,NaN,NaN,NaN,NaN,NaN,NaN,NaN,NaN,NaN,NaN,NaN,NaN,NaN,NaN,NaN,NaN,NaN,NaN,NaN,NaN,NaN,NaN,NaN
NaN,NaN,NaN,NaN,NaN,NaN,NaN,NaN,NaN,NaN,NaN,NaN,NaN,NaN,NaN,NaN,0.19193003,0.19023924,0.20633632,0.20955345,0.20298038,0.20205836,0.18822645,0.18207148,0.17970508,0.1790489,0.18986605,0.18616745,0.17340839,0.19812022,0.18977982,0.18822645,0.18479122,0.18227421,0.1927168,0.18645662,0.18809776,0.17823233,0.16843174,0.17237563,0.19360778,0.17441541,0.17928472,0.15932329,NaN,NaN,NaN,NaN,NaN,NaN,NaN,NaN,NaN,NaN,NaN,NaN,NaN,NaN,NaN,NaN,NaN,NaN,NaN,NaN,NaN,NaN,NaN,NaN,NaN,NaN,NaN,NaN,NaN,NaN,NaN,NaN,NaN,NaN,NaN,NaN,NaN,NaN,NaN,NaN,NaN,NaN,NaN,NaN,NaN,NaN,NaN,NaN,NaN,NaN,NaN,NaN,NaN,NaN,NaN,NaN,NaN,NaN,NaN,NaN,NaN,NaN,NaN,NaN,NaN,NaN
NaN,NaN,NaN,NaN,NaN,NaN,NaN,NaN,NaN,NaN,NaN,NaN,NaN,NaN,NaN,0.19382134,0.2779984,0.24906515,0.26829356,0.21305698,0.23133993,0.23582383,0.22317801,0.25673425,0.2604558,0.21411516,0.1998561,0.19505125,0.19697821,0.20555317,0.20467383,0.20448251,0.19737145,0.1930901,0.18493943,0.18502116,0.18272026,0.18673638,0.16022283,0.18662556,0.21137385,0.19988495,0.18668196,0.1748244,0.17331858,NaN,NaN,NaN,0.19323653,0.15174079,NaN,NaN,NaN,NaN,NaN,NaN,NaN,NaN,NaN,NaN,NaN,NaN,NaN,NaN,NaN,NaN,NaN,NaN,NaN,NaN,NaN,NaN,NaN,NaN,NaN,NaN,NaN,NaN,NaN,NaN,NaN,NaN,NaN,NaN,NaN,NaN,NaN,NaN,NaN,NaN,NaN,NaN,NaN,NaN,NaN,NaN,NaN,NaN,NaN,NaN,NaN,NaN,NaN,NaN,NaN,NaN,NaN,NaN,NaN,NaN
NaN,NaN,NaN,NaN,NaN,NaN,NaN,NaN,NaN,NaN,NaN,NaN,NaN,NaN,NaN,NaN,NaN,NaN,0.5597982,0.22611569,0.14370778,0.2165284,0.33187386,0.32695395,0.26757082,0.24492261,0.21631324,0.2061369,0.21161619,0.21522656,0.2270743,0.24314299,0.21258081,0.20053363,0.18286258,0.18638703,0.1782763,0.19536322,0.18523222,0.18523222,NaN,0.19580695,0.19071855,0.18600626,NaN,NaN,NaN,0.21806334,NaN,NaN,NaN,NaN,NaN,NaN,NaN,NaN,NaN,NaN,NaN,NaN,NaN,NaN,NaN,NaN,NaN,NaN,NaN,NaN,NaN,NaN,NaN,NaN,NaN,NaN,NaN,NaN,NaN,NaN,NaN,NaN,NaN,NaN,NaN,NaN,NaN,NaN,NaN,NaN,NaN,NaN,NaN,NaN,NaN,NaN,NaN,NaN,NaN,NaN,NaN,NaN,NaN,NaN,NaN,NaN,NaN,NaN,NaN,NaN,NaN,NaN
NaN,NaN,NaN,NaN,NaN,NaN,NaN,NaN,0.20839997,NaN,NaN,NaN,NaN,NaN,NaN,NaN,NaN,NaN,NaN,NaN,NaN,NaN,NaN,NaN,0.666428,0.26500532,0.23819925,0.21381775,0.20725733,NaN,NaN,0.22096434,0.21412809,0.21447347,0.19624943,0.18640941,0.19484398,0.18927619,0.18579279,0.17542621,0.20839997,NaN,NaN,0.19077076,NaN,NaN,NaN,NaN,NaN,NaN,NaN,NaN,NaN,NaN,NaN,NaN,NaN,NaN,NaN,NaN,NaN,NaN,NaN,NaN,NaN,NaN,NaN,NaN,NaN,NaN,NaN,NaN,NaN,NaN,NaN,NaN,NaN,NaN,NaN,NaN,NaN,NaN,NaN,NaN,NaN,NaN,NaN,NaN,NaN,NaN,NaN,NaN,NaN,NaN,NaN,NaN,NaN,NaN,NaN,NaN,NaN,NaN,NaN,NaN,NaN,NaN,NaN,NaN,NaN,NaN
NaN,0.13674785,NaN,NaN,0.18545625,0.18278572,NaN,0.21264078,NaN,NaN,NaN,NaN,NaN,NaN,NaN,NaN,NaN,NaN,NaN,NaN,NaN,NaN,NaN,NaN,NaN,NaN,0.27257133,0.22016071,0.21850413,0.23268406,0.23366478,0.21887283,0.20302477,0.2125123,0.19836627,0.1923422,0.17462826,0.19068432,NaN,NaN,NaN,NaN,NaN,NaN,NaN,NaN,NaN,NaN,NaN,NaN,NaN,NaN,NaN,NaN,NaN,NaN,NaN,NaN,NaN,NaN,NaN,NaN,NaN,NaN,NaN,NaN,NaN,NaN,NaN,NaN,NaN,NaN,NaN,NaN,NaN,NaN,NaN,NaN,NaN,NaN,NaN,NaN,NaN,NaN,NaN,NaN,NaN,NaN,NaN,NaN,NaN,NaN,NaN,NaN,NaN,14.571929,NaN,NaN,NaN,NaN,NaN,NaN,NaN,NaN,NaN,NaN,NaN,NaN,NaN,NaN
NaN,0.14901444,0.14527963,0.16545701,NaN,NaN,NaN,NaN,NaN,NaN,NaN,NaN,NaN,NaN,NaN,NaN,NaN,NaN,NaN,NaN,NaN,NaN,NaN,NaN,NaN,NaN,0.2431234,0.36503622,0.33694503,0.5398629,0.2506265,0.2283121,0.19663894,0.21118079,0.21350783,0.19315767,0.17482807,0.17928118,NaN,NaN,NaN,NaN,NaN,NaN,NaN,NaN,NaN,NaN,NaN,NaN,NaN,NaN,NaN,NaN,NaN,NaN,NaN,NaN,NaN,NaN,NaN,NaN,NaN,NaN,NaN,NaN,NaN,NaN,NaN,NaN,NaN,NaN,NaN,NaN,NaN,NaN,NaN,NaN,NaN,NaN,NaN,NaN,NaN,NaN,NaN,NaN,NaN,NaN,NaN,NaN,NaN,NaN,NaN,NaN,17.123627,10.558982,NaN,NaN,NaN,NaN,NaN,NaN,NaN,NaN,NaN,NaN,NaN,NaN,NaN,NaN
NaN,NaN,NaN,0.23446539,NaN,NaN,NaN,NaN,NaN,NaN,NaN,NaN,NaN,NaN,NaN,NaN,NaN,NaN,NaN,NaN,NaN,NaN,NaN,NaN,NaN,NaN,NaN,NaN,0.26655534,0.20895813,0.24607988,0.24171068,0.2034908,0.20259637,0.20204788,0.21101695,0.18376309,0.17914258,0.21029776,NaN,NaN,NaN,NaN,NaN,NaN,NaN,NaN,NaN,NaN,NaN,NaN,NaN,NaN,NaN,NaN,NaN,NaN,NaN,NaN,NaN,NaN,NaN,NaN,NaN,NaN,NaN,NaN,NaN,NaN,NaN,NaN,NaN,NaN,NaN,NaN,NaN,NaN,NaN,NaN,NaN,NaN,NaN,NaN,NaN,NaN,NaN,NaN,NaN,NaN,NaN,NaN,NaN,NaN,NaN,NaN,NaN,NaN,NaN,NaN,NaN,NaN,NaN,NaN,NaN,NaN,NaN,NaN,NaN,NaN,NaN
NaN,NaN,NaN,NaN,NaN,NaN,NaN,NaN,NaN,NaN,NaN,NaN,NaN,NaN,NaN,NaN,NaN,NaN,NaN,NaN,NaN,NaN,NaN,NaN,NaN,NaN,NaN,NaN,0.25804684,0.25721642,0.23332897,0.19559368,0.18131873,0.19995275,0.20273212,0.2279164,0.18968697,0.15891026,NaN,NaN,NaN,NaN,NaN,NaN,NaN,NaN,NaN,NaN,NaN,NaN,NaN,NaN,NaN,NaN,NaN,NaN,NaN,NaN,NaN,NaN,NaN,NaN,NaN,NaN,NaN,NaN,NaN,NaN,NaN,NaN,NaN,NaN,NaN,NaN,NaN,NaN,NaN,NaN,NaN,NaN,NaN,NaN,NaN,NaN,NaN,NaN,NaN,NaN,NaN,NaN,NaN,NaN,NaN,NaN,NaN,NaN,NaN,NaN,NaN,NaN,NaN,NaN,NaN,NaN,NaN,NaN,NaN,NaN,NaN,NaN
NaN,NaN,NaN,NaN,NaN,NaN,NaN,NaN,NaN,NaN,NaN,NaN,NaN,NaN,NaN,NaN,NaN,NaN,NaN,NaN,NaN,NaN,NaN,NaN,NaN,NaN,NaN,NaN,0.21600407,0.20199324,0.2022841,0.17401601,0.18321243,0.18769257,0.20555453,NaN,0.18523222,0.15451704,NaN,NaN,NaN,NaN,NaN,NaN,NaN,NaN,NaN,NaN,NaN,NaN,NaN,NaN,NaN,NaN,NaN,NaN,NaN,NaN,NaN,NaN,NaN,NaN,NaN,NaN,NaN,NaN,NaN,NaN,NaN,NaN,NaN,NaN,NaN,NaN,NaN,NaN,NaN,NaN,NaN,NaN,NaN,NaN,NaN,NaN,NaN,NaN,NaN,NaN,NaN,NaN,NaN,NaN,NaN,NaN,NaN,NaN,NaN,NaN,NaN,NaN,NaN,NaN,NaN,NaN,NaN,NaN,NaN,NaN,NaN,NaN
NaN,NaN,NaN,NaN,NaN,NaN,NaN,NaN,NaN,NaN,NaN,NaN,NaN,NaN,NaN,NaN,NaN,NaN,NaN,NaN,NaN,NaN,NaN,NaN,NaN,NaN,NaN,NaN,NaN,NaN,0.20603819,0.21357666,0.22739473,0.2207532,0.20361635,NaN,NaN,NaN,NaN,NaN,NaN,NaN,NaN,NaN,NaN,NaN,NaN,NaN,NaN,NaN,NaN,NaN,NaN,NaN,NaN,NaN,NaN,NaN,NaN,NaN,NaN,NaN,NaN,NaN,NaN,NaN,NaN,NaN,NaN,NaN,NaN,NaN,NaN,NaN,NaN,NaN,NaN,NaN,NaN,NaN,NaN,NaN,NaN,NaN,NaN,NaN,NaN,NaN,NaN,NaN,NaN,NaN,NaN,NaN,NaN,NaN,NaN,NaN,NaN,NaN,NaN,NaN,NaN,NaN,NaN,NaN,NaN,NaN,NaN,NaN
NaN,NaN,NaN,NaN,NaN,NaN,NaN,NaN,NaN,NaN,NaN,NaN,NaN,NaN,NaN,NaN,NaN,NaN,NaN,NaN,NaN,NaN,NaN,NaN,NaN,NaN,NaN,NaN,NaN,NaN,0.22552224,0.23375796,0.20941842,0.1979568,0.21905398,NaN,NaN,NaN,NaN,NaN,NaN,NaN,NaN,NaN,NaN,NaN,NaN,NaN,NaN,NaN,NaN,NaN,NaN,NaN,NaN,NaN,NaN,NaN,NaN,NaN,NaN,NaN,NaN,NaN,NaN,NaN,NaN,NaN,NaN,NaN,NaN,NaN,NaN,NaN,NaN,NaN,NaN,NaN,NaN,NaN,NaN,NaN,NaN,NaN,NaN,NaN,NaN,NaN,NaN,NaN,NaN,NaN,NaN,NaN,NaN,NaN,NaN,NaN,NaN,NaN,NaN,NaN,NaN,NaN,NaN,NaN,NaN,NaN,NaN,NaN
NaN,NaN,NaN,NaN,NaN,NaN,NaN,NaN,NaN,NaN,NaN,NaN,NaN,NaN,NaN,NaN,NaN,NaN,NaN,NaN,NaN,NaN,NaN,NaN,NaN,NaN,NaN,NaN,NaN,NaN,0.20280871,0.21162583,0.18625239,0.18373239,0.23305266,NaN,NaN,NaN,NaN,NaN,NaN,NaN,NaN,NaN,NaN,NaN,NaN,NaN,NaN,NaN,NaN,NaN,NaN,NaN,NaN,NaN,NaN,NaN,NaN,NaN,NaN,NaN,NaN,NaN,NaN,NaN,NaN,NaN,NaN,NaN,NaN,NaN,NaN,NaN,NaN,NaN,NaN,NaN,NaN,NaN,NaN,NaN,NaN,NaN,NaN,NaN,NaN,NaN,NaN,NaN,NaN,NaN,NaN,NaN,NaN,NaN,NaN,NaN,NaN,NaN,NaN,NaN,NaN,22.61157,NaN,NaN,NaN,NaN,NaN,17.542622
NaN,NaN,NaN,NaN,NaN,NaN,NaN,NaN,NaN,NaN,NaN,NaN,NaN,NaN,NaN,NaN,NaN,NaN,NaN,NaN,NaN,NaN,NaN,NaN,NaN,NaN,NaN,NaN,NaN,NaN,NaN,NaN,NaN,0.18157461,NaN,NaN,NaN,NaN,NaN,NaN,NaN,NaN,NaN,NaN,NaN,NaN,NaN,NaN,NaN,NaN,NaN,NaN,NaN,NaN,NaN,NaN,NaN,NaN,NaN,NaN,NaN,NaN,NaN,NaN,NaN,NaN,NaN,NaN,NaN,NaN,NaN,NaN,NaN,NaN,NaN,NaN,NaN,NaN,NaN,NaN,NaN,NaN,NaN,NaN,NaN,NaN,NaN,NaN,NaN,NaN,NaN,NaN,NaN,NaN,NaN,NaN,NaN,NaN,NaN,NaN,NaN,NaN,NaN,NaN,NaN,NaN,NaN,NaN,100.0,NaN
NaN,NaN,NaN,NaN,NaN,NaN,NaN,NaN,NaN,NaN,NaN,NaN,NaN,NaN,NaN,NaN,NaN,NaN,NaN,NaN,NaN,NaN,NaN,NaN,NaN,NaN,NaN,NaN,NaN,NaN,NaN,NaN,NaN,NaN,NaN,NaN,NaN,NaN,NaN,NaN,NaN,NaN,NaN,NaN,NaN,NaN,NaN,NaN,NaN,NaN,NaN,NaN,NaN,NaN,NaN,NaN,NaN,NaN,NaN,NaN,NaN,NaN,NaN,NaN,NaN,NaN,NaN,NaN,NaN,NaN,NaN,NaN,NaN,NaN,NaN,NaN,NaN,NaN,NaN,NaN,NaN,NaN,NaN,NaN,NaN,NaN,NaN,NaN,NaN,NaN,NaN,NaN,NaN,NaN,NaN,NaN,NaN,NaN,NaN,NaN,NaN,NaN,NaN,NaN,NaN,NaN,NaN,NaN,NaN,18.19041
NaN,NaN,NaN,NaN,NaN,NaN,NaN,NaN,NaN,NaN,NaN,NaN,NaN,NaN,NaN,NaN,NaN,NaN,NaN,NaN,NaN,NaN,NaN,NaN,NaN,NaN,NaN,NaN,NaN,NaN,NaN,NaN,NaN,NaN,NaN,NaN,NaN,NaN,NaN,NaN,NaN,NaN,NaN,NaN,NaN,NaN,NaN,NaN,NaN,NaN,NaN,NaN,NaN,NaN,NaN,NaN,NaN,NaN,NaN,NaN,NaN,NaN,NaN,NaN,NaN,NaN,NaN,NaN,NaN,NaN,NaN,NaN,NaN,NaN,NaN,NaN,NaN,NaN,NaN,NaN,NaN,NaN,NaN,NaN,NaN,NaN,NaN,NaN,NaN,NaN,NaN,NaN,NaN,NaN,NaN,NaN,NaN,NaN,NaN,NaN,NaN,NaN,NaN,NaN,NaN,NaN,NaN,NaN,NaN,NaN
0.15501672,NaN,NaN,NaN,NaN,NaN,NaN,NaN,NaN,NaN,NaN,NaN,NaN,NaN,NaN,NaN,NaN,NaN,NaN,NaN,NaN,NaN,NaN,NaN,NaN,NaN,NaN,NaN,NaN,NaN,NaN,NaN,NaN,NaN,NaN,NaN,NaN,NaN,NaN,NaN,NaN,NaN,NaN,NaN,NaN,NaN,NaN,NaN,NaN,NaN,NaN,NaN,NaN,NaN,NaN,NaN,NaN,NaN,NaN,NaN,NaN,NaN,NaN,NaN,NaN,NaN,NaN,NaN,NaN,NaN,NaN,NaN,NaN,NaN,NaN,NaN,NaN,NaN,NaN,NaN,NaN,NaN,NaN,NaN,NaN,NaN,NaN,NaN,NaN,NaN,NaN,NaN,NaN,NaN,NaN,NaN,NaN,NaN,NaN,NaN,NaN,NaN,NaN,NaN,NaN,NaN,NaN,NaN,NaN,NaN
0.16540311,0.18174712,NaN,NaN,NaN,NaN,NaN,NaN,NaN,NaN,NaN,NaN,NaN,NaN,NaN,NaN,NaN,NaN,NaN,NaN,NaN,NaN,NaN,NaN,NaN,NaN,NaN,NaN,NaN,NaN,NaN,NaN,NaN,NaN,NaN,NaN,NaN,NaN,NaN,NaN,NaN,NaN,NaN,NaN,NaN,NaN,NaN,NaN,NaN,NaN,NaN,NaN,NaN,NaN,NaN,NaN,NaN,NaN,NaN,NaN,NaN,NaN,NaN,NaN,NaN,NaN,NaN,NaN,NaN,NaN,NaN,NaN,NaN,NaN,NaN,NaN,NaN,NaN,NaN,NaN,NaN,NaN,NaN,NaN,NaN,NaN,NaN,NaN,NaN,NaN,NaN,NaN,NaN,NaN,NaN,NaN,NaN,NaN,NaN,NaN,NaN,NaN,NaN,NaN,NaN,NaN,NaN,NaN,NaN,NaN
0.20412032,0.19932535,0.20733775,0.67982316,NaN,NaN,NaN,NaN,NaN,NaN,NaN,NaN,NaN,NaN,NaN,NaN,NaN,NaN,NaN,NaN,NaN,NaN,NaN,NaN,NaN,NaN,NaN,NaN,NaN,NaN,NaN,NaN,NaN,NaN,NaN,NaN,NaN,NaN,NaN,NaN,NaN,NaN,NaN,NaN,NaN,NaN,NaN,NaN,NaN,NaN,NaN,NaN,NaN,NaN,NaN,NaN,NaN,NaN,NaN,NaN,NaN,NaN,NaN,NaN,NaN,NaN,NaN,NaN,NaN,NaN,NaN,NaN,NaN,NaN,NaN,NaN,NaN,NaN,NaN,NaN,NaN,NaN,NaN,NaN,NaN,NaN,NaN,NaN,NaN,NaN,NaN,NaN,NaN,NaN,NaN,NaN,NaN,NaN,NaN,NaN,NaN,NaN,NaN,NaN,NaN,NaN,NaN,NaN,NaN,NaN
0.21285506,0.2121359,0.23305884,NaN,NaN,NaN,NaN,NaN,NaN,NaN,NaN,NaN,NaN,NaN,NaN,NaN,NaN,NaN,NaN,NaN,NaN,NaN,NaN,NaN,NaN,NaN,NaN,NaN,NaN,NaN,NaN,NaN,NaN,NaN,NaN,NaN,NaN,NaN,NaN,NaN,NaN,NaN,NaN,NaN,NaN,NaN,NaN,NaN,NaN,NaN,NaN,NaN,NaN,NaN,NaN,NaN,NaN,NaN,NaN,NaN,NaN,NaN,NaN,NaN,NaN,NaN,NaN,NaN,NaN,NaN,NaN,NaN,NaN,NaN,NaN,NaN,NaN,NaN,NaN,NaN,NaN,NaN,NaN,NaN,NaN,NaN,NaN,NaN,NaN,NaN,5.9108987,NaN,NaN,NaN,NaN,NaN,NaN,NaN,NaN,NaN,NaN,NaN,NaN,NaN,NaN,NaN,NaN,NaN,NaN,NaN
0.20813984,0.21367995,0.21956462,0.11772431,NaN,NaN,NaN,NaN,NaN,NaN,NaN,NaN,NaN,NaN,NaN,NaN,NaN,NaN,NaN,NaN,NaN,NaN,NaN,NaN,NaN,NaN,NaN,NaN,NaN,NaN,NaN,NaN,NaN,NaN,NaN,NaN,NaN,NaN,NaN,NaN,NaN,NaN,NaN,NaN,NaN,NaN,NaN,NaN,NaN,NaN,NaN,NaN,NaN,NaN,NaN,NaN,NaN,NaN,NaN,NaN,NaN,NaN,NaN,NaN,NaN,0.10791228,NaN,NaN,NaN,NaN,NaN,NaN,NaN,NaN,NaN,NaN,NaN,NaN,NaN,NaN,NaN,NaN,NaN,NaN,NaN,NaN,NaN,NaN,NaN,NaN,NaN,NaN,NaN,NaN,NaN,NaN,NaN,NaN,NaN,NaN,NaN,NaN,NaN,NaN,NaN,NaN,NaN,NaN,NaN,NaN
0.6960808,1.0714114,0.7064677,0.5206375,NaN,NaN,NaN,NaN,NaN,NaN,NaN,NaN,NaN,NaN,NaN,NaN,NaN,NaN,NaN,NaN,NaN,NaN,NaN,NaN,NaN,NaN,NaN,NaN,NaN,NaN,NaN,NaN,NaN,NaN,NaN,NaN,NaN,NaN,NaN,NaN,NaN,NaN,NaN,NaN,NaN,NaN,NaN,NaN,NaN,NaN,NaN,NaN,NaN,NaN,NaN,NaN,NaN,NaN,NaN,NaN,NaN,NaN,NaN,NaN,NaN,NaN,NaN,NaN,NaN,NaN,NaN,NaN,NaN,NaN,NaN,NaN,NaN,NaN,NaN,NaN,NaN,NaN,NaN,NaN,NaN,NaN,NaN,NaN,NaN,NaN,NaN,NaN,NaN,NaN,NaN,NaN,NaN,NaN,NaN,NaN,NaN,NaN,NaN,NaN,NaN,NaN,NaN,NaN,NaN,NaN
2.5374858,2.2803695,5.684634,8.283192,NaN,NaN,NaN,NaN,NaN,NaN,NaN,NaN,NaN,NaN,NaN,NaN,NaN,NaN,NaN,NaN,NaN,NaN,NaN,NaN,NaN,NaN,NaN,NaN,NaN,NaN,NaN,NaN,NaN,NaN,NaN,NaN,NaN,NaN,NaN,NaN,NaN,NaN,NaN,NaN,NaN,NaN,NaN,NaN,NaN,NaN,NaN,NaN,NaN,NaN,NaN,NaN,NaN,NaN,NaN,NaN,NaN,NaN,NaN,NaN,NaN,NaN,NaN,NaN,NaN,NaN,NaN,NaN,NaN,NaN,NaN,NaN,NaN,NaN,NaN,NaN,NaN,NaN,NaN,NaN,NaN,NaN,NaN,NaN,NaN,NaN,NaN,NaN,NaN,NaN,NaN,NaN,NaN,NaN,NaN,NaN,NaN,NaN,NaN,NaN,NaN,NaN,NaN,NaN,NaN,NaN
27.769596,17.38431,NaN,NaN,NaN,NaN,NaN,NaN,NaN,NaN,NaN,NaN,NaN,NaN,NaN,NaN,NaN,NaN,NaN,NaN,NaN,NaN,NaN,NaN,NaN,NaN,NaN,NaN,NaN,NaN,NaN,NaN,NaN,NaN,NaN,NaN,NaN,NaN,NaN,NaN,NaN,NaN,NaN,NaN,NaN,NaN,NaN,NaN,NaN,NaN,NaN,NaN,NaN,NaN,NaN,NaN,NaN,NaN,NaN,NaN,NaN,NaN,NaN,NaN,NaN,NaN,NaN,NaN,NaN,NaN,NaN,NaN,NaN,NaN,NaN,NaN,NaN,NaN,NaN,NaN,NaN,NaN,NaN,NaN,NaN,NaN,NaN,NaN,NaN,NaN,NaN,NaN,NaN,NaN,NaN,NaN,NaN,NaN,NaN,NaN,NaN,NaN,NaN,NaN,NaN,NaN,NaN,NaN,NaN,NaN
NaN,NaN,NaN,NaN,NaN,NaN,NaN,NaN,NaN,NaN,NaN,NaN,NaN,NaN,NaN,NaN,NaN,NaN,NaN,NaN,NaN,NaN,NaN,NaN,NaN,NaN,NaN,NaN,NaN,NaN,NaN,NaN,NaN,NaN,NaN,NaN,NaN,NaN,NaN,NaN,NaN,NaN,NaN,NaN,NaN,NaN,NaN,NaN,NaN,NaN,NaN,NaN,NaN,NaN,NaN,NaN,NaN,NaN,NaN,NaN,NaN,NaN,NaN,NaN,NaN,NaN,NaN,NaN,NaN,NaN,NaN,NaN,NaN,NaN,NaN,NaN,NaN,NaN,NaN,NaN,NaN,NaN,NaN,NaN,NaN,NaN,NaN,NaN,NaN,NaN,NaN,NaN,12.207147,NaN,NaN,NaN,NaN,NaN,NaN,NaN,NaN,NaN,NaN,NaN,NaN,NaN,NaN,NaN,NaN,NaN
NaN,NaN,NaN,NaN,NaN,NaN,NaN,NaN,NaN,NaN,NaN,NaN,NaN,NaN,NaN,NaN,NaN,NaN,NaN,NaN,NaN,NaN,NaN,NaN,NaN,NaN,NaN,NaN,NaN,NaN,NaN,NaN,NaN,NaN,NaN,NaN,NaN,NaN,NaN,NaN,NaN,NaN,NaN,NaN,NaN,NaN,NaN,NaN,NaN,NaN,NaN,NaN,NaN,NaN,NaN,NaN,NaN,NaN,NaN,NaN,NaN,NaN,NaN,NaN,NaN,NaN,NaN,NaN,NaN,NaN,NaN,NaN,NaN,NaN,NaN,NaN,NaN,NaN,NaN,NaN,NaN,NaN,NaN,NaN,NaN,NaN,NaN,NaN,NaN,NaN,NaN,NaN,NaN,NaN,NaN,NaN,NaN,NaN,NaN,NaN,NaN,NaN,NaN,NaN,NaN,NaN,NaN,NaN,NaN,NaN
NaN,NaN,NaN,NaN,NaN,NaN,NaN,NaN,NaN,NaN,NaN,NaN,NaN,NaN,NaN,NaN,NaN,NaN,NaN,NaN,NaN,NaN,NaN,NaN,NaN,NaN,NaN,NaN,NaN,NaN,NaN,NaN,NaN,NaN,NaN,NaN,NaN,NaN,NaN,NaN,NaN,NaN,NaN,NaN,NaN,NaN,NaN,NaN,NaN,NaN,NaN,NaN,NaN,NaN,NaN,NaN,NaN,NaN,NaN,NaN,NaN,NaN,NaN,NaN,NaN,NaN,NaN,NaN,NaN,NaN,NaN,NaN,NaN,NaN,NaN,NaN,NaN,NaN,NaN,NaN,NaN,NaN,NaN,NaN,NaN,NaN,NaN,NaN,NaN,NaN,NaN,NaN,NaN,NaN,NaN,NaN,NaN,NaN,NaN,NaN,NaN,NaN,NaN,NaN,NaN,NaN,NaN,NaN,NaN,NaN
NaN,NaN,NaN,NaN,NaN,NaN,NaN,NaN,NaN,NaN,NaN,NaN,NaN,NaN,NaN,NaN,NaN,NaN,NaN,NaN,NaN,NaN,NaN,NaN,NaN,NaN,NaN,NaN,NaN,NaN,NaN,NaN,NaN,NaN,NaN,NaN,NaN,NaN,NaN,NaN,NaN,NaN,NaN,NaN,NaN,NaN,NaN,NaN,NaN,NaN,NaN,NaN,NaN,NaN,NaN,NaN,NaN,NaN,NaN,NaN,NaN,NaN,NaN,NaN,NaN,NaN,NaN,NaN,NaN,NaN,NaN,NaN,NaN,NaN,NaN,NaN,NaN,NaN,NaN,NaN,NaN,NaN,NaN,NaN,NaN,NaN,NaN,NaN,NaN,NaN,NaN,NaN,NaN,NaN,NaN,NaN,NaN,NaN,NaN,NaN,NaN,NaN,NaN,NaN,NaN,NaN,NaN,NaN,NaN,NaN
NaN,NaN,NaN,NaN,NaN,NaN,NaN,NaN,NaN,NaN,NaN,NaN,NaN,NaN,NaN,NaN,NaN,NaN,NaN,NaN,NaN,NaN,NaN,NaN,NaN,NaN,NaN,NaN,NaN,NaN,NaN,NaN,NaN,NaN,NaN,NaN,NaN,NaN,NaN,NaN,NaN,NaN,NaN,NaN,NaN,NaN,NaN,NaN,NaN,NaN,NaN,NaN,NaN,NaN,NaN,NaN,NaN,NaN,NaN,NaN,NaN,NaN,NaN,NaN,NaN,NaN,NaN,NaN,NaN,NaN,NaN,NaN,NaN,NaN,NaN,NaN,NaN,NaN,NaN,NaN,NaN,NaN,NaN,NaN,NaN,NaN,NaN,NaN,NaN,NaN,NaN,NaN,NaN,NaN,NaN,NaN,NaN,NaN,NaN,NaN,NaN,NaN,NaN,NaN,NaN,NaN,NaN,NaN,NaN,NaN
NaN,NaN,NaN,NaN,NaN,NaN,NaN,NaN,NaN,NaN,NaN,NaN,NaN,NaN,NaN,NaN,NaN,NaN,NaN,NaN,NaN,NaN,NaN,NaN,NaN,NaN,NaN,NaN,NaN,NaN,NaN,NaN,NaN,NaN,NaN,NaN,NaN,NaN,NaN,NaN,NaN,NaN,NaN,NaN,NaN,NaN,NaN,NaN,NaN,NaN,NaN,NaN,NaN,NaN,NaN,NaN,NaN,NaN,NaN,NaN,NaN,NaN,NaN,NaN,NaN,NaN,NaN,NaN,NaN,NaN,NaN,NaN,NaN,NaN,NaN,NaN,NaN,NaN,NaN,NaN,NaN,NaN,NaN,NaN,NaN,NaN,NaN,NaN,NaN,NaN,NaN,NaN,NaN,NaN,NaN,NaN,NaN,NaN,NaN,NaN,NaN,NaN,NaN,NaN,NaN,NaN,NaN,NaN,NaN,NaN
NaN,NaN,NaN,NaN,NaN,NaN,NaN,NaN,NaN,NaN,NaN,NaN,NaN,NaN,NaN,NaN,NaN,NaN,NaN,NaN,NaN,NaN,NaN,NaN,NaN,NaN,NaN,NaN,NaN,NaN,NaN,NaN,NaN,NaN,NaN,NaN,NaN,NaN,NaN,NaN,NaN,NaN,NaN,NaN,NaN,NaN,NaN,NaN,NaN,NaN,NaN,NaN,NaN,NaN,NaN,NaN,NaN,NaN,NaN,NaN,NaN,NaN,NaN,NaN,NaN,NaN,NaN,NaN,NaN,NaN,NaN,NaN,NaN,NaN,NaN,NaN,NaN,NaN,NaN,NaN,NaN,NaN,NaN,NaN,NaN,NaN,NaN,NaN,NaN,NaN,NaN,NaN,NaN,NaN,NaN,NaN,NaN,NaN,NaN,NaN,NaN,NaN,NaN,NaN,NaN,NaN,NaN,NaN,NaN,NaN
NaN,NaN,NaN,NaN,NaN,NaN,NaN,NaN,NaN,NaN,NaN,NaN,NaN,NaN,NaN,NaN,NaN,NaN,NaN,NaN,NaN,NaN,NaN,NaN,NaN,NaN,NaN,NaN,NaN,NaN,NaN,NaN,NaN,NaN,NaN,NaN,NaN,NaN,NaN,NaN,NaN,NaN,NaN,NaN,NaN,NaN,NaN,NaN,NaN,NaN,NaN,NaN,NaN,NaN,NaN,NaN,NaN,NaN,NaN,NaN,NaN,NaN,NaN,NaN,NaN,NaN,NaN,NaN,NaN,NaN,NaN,NaN,NaN,NaN,NaN,NaN,NaN,NaN,NaN,NaN,NaN,NaN,NaN,NaN,NaN,NaN,NaN,NaN,NaN,NaN,NaN,NaN,NaN,NaN,NaN,NaN,NaN,NaN,NaN,NaN,NaN,NaN,NaN,NaN,NaN,NaN,NaN,NaN,NaN,NaN
NaN,NaN,NaN,NaN,NaN,NaN,NaN,NaN,NaN,NaN,NaN,NaN,NaN,NaN,NaN,NaN,NaN,NaN,NaN,NaN,NaN,NaN,NaN,NaN,NaN,NaN,NaN,NaN,NaN,NaN,NaN,NaN,NaN,NaN,NaN,NaN,NaN,NaN,NaN,NaN,NaN,NaN,NaN,NaN,NaN,NaN,NaN,NaN,NaN,NaN,NaN,NaN,NaN,NaN,NaN,NaN,NaN,NaN,NaN,NaN,NaN,NaN,NaN,NaN,NaN,NaN,NaN,NaN,NaN,NaN,NaN,NaN,NaN,NaN,NaN,NaN,NaN,NaN,NaN,NaN,NaN,NaN,NaN,NaN,NaN,NaN,NaN,NaN,NaN,NaN,NaN,NaN,NaN,NaN,NaN,NaN,NaN,NaN,NaN,NaN,NaN,NaN,NaN,NaN,NaN,NaN,NaN,NaN,NaN,NaN
NaN,NaN,NaN,NaN,NaN,NaN,NaN,NaN,NaN,NaN,NaN,NaN,NaN,NaN,NaN,NaN,NaN,NaN,NaN,NaN,NaN,NaN,NaN,NaN,NaN,NaN,NaN,NaN,NaN,NaN,NaN,NaN,NaN,NaN,NaN,NaN,NaN,NaN,NaN,NaN,NaN,NaN,NaN,NaN,NaN,NaN,NaN,NaN,NaN,NaN,NaN,NaN,NaN,NaN,NaN,NaN,NaN,NaN,NaN,NaN,NaN,NaN,NaN,NaN,NaN,NaN,NaN,NaN,NaN,NaN,NaN,NaN,NaN,NaN,NaN,NaN,NaN,NaN,NaN,NaN,NaN,NaN,NaN,NaN,NaN,NaN,NaN,NaN,NaN,NaN,NaN,NaN,NaN,NaN,NaN,NaN,NaN,NaN,NaN,NaN,NaN,NaN,NaN,NaN,NaN,NaN,NaN,NaN,NaN,NaN
NaN,NaN,NaN,NaN,NaN,NaN,NaN,NaN,NaN,NaN,NaN,NaN,NaN,NaN,NaN,NaN,NaN,NaN,NaN,NaN,NaN,NaN,NaN,NaN,NaN,NaN,NaN,NaN,NaN,NaN,NaN,NaN,NaN,NaN,NaN,NaN,NaN,NaN,NaN,NaN,NaN,NaN,NaN,NaN,NaN,NaN,NaN,NaN,NaN,NaN,NaN,NaN,NaN,NaN,NaN,NaN,NaN,NaN,NaN,NaN,NaN,NaN,NaN,NaN,NaN,NaN,NaN,NaN,NaN,NaN,NaN,NaN,NaN,NaN,NaN,NaN,NaN,NaN,NaN,NaN,NaN,NaN,NaN,NaN,NaN,NaN,NaN,NaN,NaN,NaN,NaN,NaN,NaN,NaN,NaN,NaN,NaN,NaN,NaN,NaN,NaN,NaN,NaN,NaN,NaN,NaN,NaN,NaN,NaN,NaN
NaN,NaN,NaN,NaN,NaN,NaN,NaN,NaN,NaN,NaN,NaN,NaN,NaN,NaN,NaN,NaN,NaN,NaN,NaN,NaN,NaN,NaN,NaN,NaN,NaN,NaN,NaN,NaN,NaN,NaN,NaN,NaN,NaN,NaN,NaN,NaN,NaN,NaN,NaN,NaN,NaN,NaN,NaN,NaN,NaN,NaN,NaN,NaN,NaN,NaN,NaN,NaN,NaN,NaN,NaN,NaN,NaN,NaN,NaN,NaN,NaN,NaN,NaN,NaN,NaN,NaN,NaN,NaN,NaN,NaN,NaN,NaN,NaN,NaN,NaN,NaN,NaN,NaN,NaN,NaN,NaN,NaN,NaN,NaN,NaN,NaN,NaN,NaN,NaN,NaN,NaN,NaN,NaN,NaN,NaN,NaN,NaN,NaN,NaN,NaN,NaN,NaN,NaN,NaN,NaN,NaN,NaN,NaN,NaN,NaN
NaN,NaN,NaN,NaN,NaN,NaN,NaN,NaN,NaN,NaN,NaN,NaN,NaN,NaN,NaN,NaN,NaN,NaN,NaN,NaN,NaN,NaN,NaN,NaN,NaN,NaN,NaN,NaN,NaN,NaN,NaN,NaN,NaN,NaN,NaN,NaN,NaN,NaN,NaN,NaN,NaN,NaN,NaN,NaN,NaN,NaN,NaN,NaN,NaN,NaN,NaN,NaN,NaN,NaN,NaN,NaN,NaN,NaN,NaN,NaN,NaN,NaN,NaN,NaN,NaN,NaN,NaN,NaN,NaN,NaN,NaN,NaN,NaN,NaN,NaN,NaN,NaN,NaN,NaN,NaN,NaN,NaN,NaN,NaN,NaN,NaN,NaN,NaN,NaN,NaN,NaN,NaN,NaN,NaN,NaN,NaN,NaN,NaN,NaN,NaN,NaN,NaN,NaN,NaN,NaN,NaN,NaN,NaN,NaN,NaN
NaN,NaN,NaN,NaN,NaN,NaN,NaN,NaN,NaN,NaN,NaN,NaN,NaN,NaN,NaN,NaN,NaN,NaN,NaN,NaN,NaN,NaN,NaN,NaN,NaN,NaN,NaN,NaN,NaN,NaN,NaN,NaN,NaN,NaN,NaN,NaN,NaN,NaN,NaN,NaN,NaN,NaN,NaN,NaN,NaN,NaN,NaN,NaN,NaN,NaN,NaN,NaN,NaN,NaN,NaN,NaN,NaN,NaN,NaN,NaN,NaN,NaN,NaN,NaN,NaN,NaN,NaN,NaN,NaN,NaN,NaN,NaN,NaN,NaN,NaN,NaN,NaN,NaN,NaN,NaN,NaN,NaN,NaN,NaN,NaN,NaN,NaN,NaN,NaN,NaN,NaN,NaN,NaN,NaN,NaN,NaN,NaN,NaN,NaN,NaN,NaN,NaN,NaN,NaN,NaN,NaN,NaN,NaN,NaN,NaN
NaN,16.315426,49.158775,50.96524,NaN,NaN,NaN,NaN,NaN,NaN,NaN,NaN,NaN,NaN,NaN,NaN,NaN,NaN,NaN,NaN,NaN,NaN,NaN,NaN,NaN,NaN,NaN,NaN,NaN,NaN,NaN,NaN,NaN,NaN,NaN,NaN,NaN,NaN,NaN,NaN,NaN,NaN,NaN,NaN,NaN,NaN,NaN,NaN,NaN,NaN,NaN,NaN,NaN,NaN,NaN,NaN,NaN,NaN,NaN,NaN,NaN,NaN,NaN,NaN,NaN,NaN,NaN,NaN,NaN,NaN,NaN,NaN,NaN,NaN,NaN,NaN,NaN,NaN,NaN,NaN,NaN,NaN,NaN,NaN,NaN,NaN,NaN,NaN,NaN,NaN,NaN,NaN,NaN,NaN,NaN,NaN,NaN,NaN,NaN,NaN,NaN,NaN,NaN,NaN,NaN,NaN,NaN,NaN,NaN,NaN
NaN,NaN,NaN,NaN,NaN,NaN,NaN,NaN,NaN,NaN,NaN,NaN,NaN,NaN,NaN,NaN,NaN,NaN,NaN,NaN,NaN,NaN,NaN,NaN,NaN,NaN,NaN,NaN,NaN,NaN,NaN,NaN,NaN,NaN,NaN,NaN,NaN,NaN,NaN,NaN,NaN,NaN,NaN,NaN,9.133346,NaN,NaN,NaN,NaN,NaN,NaN,NaN,NaN,NaN,NaN,NaN,NaN,NaN,NaN,NaN,NaN,NaN,NaN,NaN,NaN,NaN,NaN,NaN,NaN,NaN,NaN,NaN,NaN,NaN,NaN,NaN,NaN,NaN,NaN,NaN,NaN,NaN,NaN,NaN,NaN,NaN,NaN,NaN,NaN,NaN,NaN,NaN,NaN,NaN,NaN,NaN,NaN,NaN,NaN,NaN,NaN,NaN,NaN,NaN,NaN,NaN,NaN,NaN,NaN,NaN
